player_name,team_name,pass_danger_prob,dist,angle,forward
Sabin Merino Zuloaga,Athletic Club,0.01336075535660842,40.777076893764715,128.52814449615803,0
Darron Gibson,Everton,0.008819137141815831,10.840664186294122,127.50414236027015,0
Lee Cattermole,Sunderland,0.049898873743225575,13.703284277865649,-91.25445162268159,0
Danny Drinkwater,Leicester City,0.11390884258689164,11.480853626799709,-52.43140797117251,1
Matthew Pennington,Everton,0.01633263616052197,27.044038160008576,32.92616906504979,1
Leighton Baines,Everton,0.12463199192415907,7.1063352017759485,140.71059313749964,0
Robert Brady,Norwich City,0.16831280684075842,32.088003989029914,106.28877403005946,0
José Andrés Guardado Hernández,Real Betis,0.008536693691411081,16.1245154965971,-119.74488129694222,0
Gerard Deulofeu Lázaro,Barcelona,0.09631223295431343,9.055385138137417,-173.6598082540901,0
Cameron Brannagan,Liverpool,0.00895903172652668,28.27030243913213,113.11875436534571,0
Kevin Wimmer,Tottenham Hotspur,0.009914955249325336,15.282015573869831,33.79405249259743,1
Gerard Piqué Bernabéu,Barcelona,0.0047009145714982424,29.99616642172796,-85.41084657788639,1
Ryan Shawcross,Stoke City,0.008606732262587572,19.840614909825753,-76.59412475886343,1
Glenn Murray,AFC Bournemouth,0.0485224521420874,10.316006979447042,-73.67314648943504,1
Roberto Firmino Barbosa de Oliveira,Liverpool,0.05179785818784255,14.577379737113251,-95.9061411137705,0
Cheick Doukouré,Levante UD,0.005871882778572972,19.856736892047497,-4.332313983188515,1
Sergio Busquets i Burgos,Barcelona,0.008765220235426452,10.63296760081587,148.85141901380499,0
Adam Smith,AFC Bournemouth,0.003117506967859976,8.57263086805912,73.04468694797481,1
Scott Sinclair,Aston Villa,0.020207571513773243,9.876234100101112,74.13429219722616,1
Clément Lenglet,Sevilla,0.02688062454067688,16.282505949638097,27.824096384253266,1
Nélson Cabral Semedo,Barcelona,0.2102023892436525,23.021728866442675,2.489552921999156,1
Jordi Alba Ramos,Barcelona,0.13506337454445466,20.370812453115366,111.90586840345588,0
Nélson Cabral Semedo,Barcelona,0.054969577777156685,7.694153624668533,-8.97262661489642,1
Scott Dann,Crystal Palace,0.002448311885499895,18.436105879496353,-148.98294508375304,0
Nélson Cabral Semedo,Barcelona,0.002204694787892129,10.922453936730516,49.45560283332631,1
Anaitz Arbilla Zabala,Eibar,0.018161116212905365,24.822973230457308,56.501984646970904,1
Romelu Lukaku Menama,Everton,0.0064732794611032035,13.039171752837676,8.378672506215569,1
Andre Green,Aston Villa,0.015604761213107426,7.596051605933173,-159.17910714668915,0
José Ramiro Funes Mori,Everton,0.011566052303220775,41.05045675750758,80.6065152993172,1
Craig Gardner,West Bromwich Albion,0.1101346149764219,14.042791745233561,26.200114841347368,1
Ivan Rakitić,Barcelona,0.01249338983394587,8.06225774829855,-60.25511870305778,1
Enric Saborit Teixidor,Athletic Club,0.06282126311266985,10.248902380255167,-107.02052561151986,0
Carlos Soler Barragán,Valencia,0.012128823253187825,21.973848092675986,-175.30131948270053,0
Yann Gérard M''Vila,Sunderland,0.07121994851517303,24.960969532452065,-8.292412910092668,1
Bamidele Alli,Tottenham Hotspur,0.15370570110940693,13.472935834479424,-95.96448710125316,0
Ousmane Dembélé,Barcelona,0.061812639141314914,22.437914341578182,29.649863507575567,1
Robert Brady,Norwich City,0.03315211521170582,51.47776218912395,-21.18134950026624,1
Zouhair Feddal,Real Betis,0.016208461602475244,33.83784863137726,55.84030545433057,1
Joel Robles Blázquez,Everton,0.004441437380930466,17.99694418505542,-13.495733280795822,1
Adam Johnson,Sunderland,0.021367743184641953,18.79707424042369,-104.47981483436064,0
Kevin De Bruyne,Manchester City,0.283373751564254,19.82952344359289,10.45990909292913,1
Philippe Coutinho Correia,Barcelona,0.05865215787959744,26.199999999999996,90.0,0
Carlos Henrique Casimiro,Real Madrid,0.015820106906393946,13.897481786280563,57.33908727832619,1
Marc-André ter Stegen,Barcelona,0.0028184801209264827,7.353910524340097,22.380135051959602,1
Sergi Roberto Carnicer,Barcelona,0.061982988184497996,26.363800939925184,-103.82540438459593,0
Luka Modrić,Real Madrid,0.006189397183358638,8.757282683572573,96.5569464981634,0
Harry Kane,Tottenham Hotspur,0.05904343208371107,9.37443331620637,33.69006752597979,1
Carles Gil de Pareja Vicent,Aston Villa,0.03320259255858055,30.608005488760618,67.12094505542531,1
Adam Smith,AFC Bournemouth,0.003359188022453555,8.091971329657564,-39.98688624496421,1
Kevin De Bruyne,Manchester City,0.07595785131995952,6.972087205421335,8.24632081446854,1
Gerard Piqué Bernabéu,Barcelona,0.03695484372031419,41.717142759302206,14.435974978975203,1
Sebastián Coates Nión,Sunderland,0.0175744636413002,45.61852693807637,1.6329900022729331,1
Erik Pieters,Stoke City,0.08571728078345879,18.155439956112325,70.36740446246961,1
Andrés Iniesta Luján,Barcelona,0.032163815922485336,11.94194289050153,117.4233507071095,0
Danny Drinkwater,Leicester City,0.05256622738091508,46.988615642514944,-6.353657263761425,1
Mousa Sidi Yaya Dembélé,Tottenham Hotspur,0.02916471252937941,11.216059914247966,93.06648550112587,0
Óscar de Marcos Arana,Athletic Club,0.12690329310803067,6.313477647065843,-119.40718906073371,0
Marc-André ter Stegen,Barcelona,0.002553262210252317,21.576144233852347,65.92966027371905,1
Tom Carroll,Tottenham Hotspur,0.07416453281856898,10.012991560967173,-171.38435181583588,0
Ivan Rakitić,Barcelona,0.0293534766320133,6.0,0.0,1
Luis Alberto Suárez Díaz,Barcelona,0.1704292434521467,13.461797799699715,-103.31363231214344,0
Abdul Rahman Baba,Chelsea,0.03851717559807962,48.46648326421054,-15.068488159492205,1
Thomas Vermaelen,Barcelona,0.003092941032165792,21.93171219946131,133.1523897340054,0
Joaquín Navarro Jiménez,Las Palmas,0.01102250680808905,7.40945342113708,-58.240519915187214,1
Xherdan Shaqiri,Stoke City,0.055157028902936105,14.512063946937394,172.8749836510982,0
Marco Asensio Willemsen,Real Madrid,0.09840871016183954,10.2357217625334,165.2849283494022,0
Gerard Deulofeu Lázaro,Barcelona,0.03798322546013836,14.560219778561036,164.05460409907712,0
Russell Martin,Norwich City,0.07584436710603504,12.342204017111364,33.432560138400895,1
Joaquín Navarro Jiménez,Las Palmas,0.010933290340231142,12.304470732217617,44.341456822436406,1
Eric Dier,Tottenham Hotspur,0.02056854748649669,66.15935308027127,62.15675609072275,1
Mark Bunn,Aston Villa,0.010292425110560126,63.58144383387342,-11.062512385446373,1
Willian Borges da Silva,Chelsea,0.11761127839832272,23.354014644167716,50.0373685020315,1
James Philip Milner,Liverpool,0.013798198673413545,14.91643389017629,23.299463260682515,1
Francesc Fàbregas i Soler,Chelsea,0.06916581568220767,13.427211177307075,55.00797980144133,1
Sergio Busquets i Burgos,Barcelona,0.029288867620408707,9.9569071503153,33.530469667133104,1
Damien Delaney,Crystal Palace,0.0496653820955013,22.35732542143625,18.515989475403497,1
Mesut Özil,Arsenal,0.2327907995642676,9.476286192385711,-82.72499504211082,1
Eden Hazard,Chelsea,0.04219440739055549,13.640014662748724,-143.04609100745242,0
Luis Alberto Suárez Díaz,Barcelona,0.11769560273619376,54.230987451824994,-84.70991879462873,1
Sergio Busquets i Burgos,Barcelona,0.13564637509118604,6.648308055437861,-111.16125981682822,0
Francesc Fàbregas i Soler,Chelsea,0.0500312703421142,50.89931237256551,-5.072132872514502,1
Marc-André ter Stegen,Barcelona,0.002864774391593929,30.38716834454964,-85.65913993530874,1
Carlos Arturo Bacca Ahumada,Villarreal,0.18945910930752516,11.40175425099138,105.25511870305779,0
Christian Fuchs,Leicester City,0.10124200367361498,12.6,90.0,0
Gary O''Neil,Norwich City,0.054440100686687615,79.7937967513766,-33.809558029519174,1
José Ignacio Fernández Iglesias,Real Madrid,0.24868642564703639,29.32933684896404,-80.18440111724632,1
David de Gea Quintana,Manchester United,0.00675613775539177,55.466115782520774,-20.362601668421416,1
Daniel Carvajal Ramos,Real Madrid,0.027643047963207764,12.529964086141668,-151.3895403340348,0
Leandro Chichizola,Las Palmas,0.0034304309135322025,11.057124400132253,-24.015102164117806,1
Gerard Piqué Bernabéu,Barcelona,0.058158058069289004,22.033610689126732,23.5400392695143,1
Marc-André ter Stegen,Barcelona,0.0039054320038377933,25.079872407968907,85.42607874009914,1
Joseba Zaldúa Bengoetxea,Leganés,0.015458281424682658,38.442294416436695,-24.431619844221064,1
Ezequiel Marcelo Garay,Valencia,0.018095136692928913,61.39617251913999,-48.10296238537902,1
Marc-André ter Stegen,Barcelona,0.033709674606200904,74.16872656315464,3.865461169851747,1
Marco Asensio Willemsen,Real Madrid,0.17843028253176368,34.77614124655005,-65.7196690856149,1
Thomas Vermaelen,Barcelona,0.007482807215432373,37.94377419287649,94.98936256964221,0
Sergio Busquets i Burgos,Barcelona,0.08031543834631107,4.1109609582189,18.434948822922042,1
Marc-André ter Stegen,Barcelona,0.006582755772210655,40.4149724730823,1.5596482622666143,1
Andrés Iniesta Luján,Barcelona,0.09585804795419794,49.718507620402285,59.41175372112928,1
Marc-André ter Stegen,Barcelona,0.0036758815220248628,10.764757312638315,54.83356396420713,1
Víctor Camarasa Ferrando,Real Betis,0.20913763157369922,35.11409973215888,-70.01689347810003,1
Ross Barkley,Everton,0.22801194087921814,32.555491088294154,-101.51702475114739,0
Joseba Zaldúa Bengoetxea,Leganés,0.025099807828085463,9.368030742904297,-16.11341823308934,1
José Paulo Bezzera Maciel Júnior,Barcelona,0.07442673550445705,21.53346233191495,-93.19458946511044,0
Asmir Begović,Chelsea,0.010795582012273866,78.48821567598539,20.744011611947695,1
Sergi Darder Moll,Espanyol,0.019783886407641206,19.453791404248175,19.832129850218386,1
Ivan Rakitić,Barcelona,0.011238531722828368,13.416407864998739,26.56505117707799,1
Marko Arnautović,Stoke City,0.2078793510324704,16.532392446346048,-55.348684087995494,1
Carlos Alberto Sánchez Moreno,Aston Villa,0.003736391999178944,4.716990566028303,4.86451443776053,1
Jordi Alba Ramos,Barcelona,0.03717253387463066,15.308167754502824,91.87174496528876,0
Leighton Baines,Everton,0.010861912801689305,4.204759208325723,-2.726310993906259,1
Jonathan Grant Evans,West Bromwich Albion,0.002170957772204007,10.421612159354234,154.41847074206115,0
Thomas Vermaelen,Barcelona,0.00895033636230623,16.401219466856727,37.568592028827496,1
Francisco Javier García Fernández,Real Betis,0.008248225287279165,24.08318915758459,-94.76364169072617,0
Lionel Andrés Messi Cuccittini,Barcelona,0.10276399615807068,9.457801012920505,-19.776076602639204,1
Andrés Iniesta Luján,Barcelona,0.08888756233756698,15.938946012832835,-29.299008745009743,1
José Paulo Bezzera Maciel Júnior,Barcelona,0.15681090070353207,14.322360140703063,52.08993014415522,1
Dani Castellano Betancor,Las Palmas,0.017072664138076475,13.154847015454038,148.36396400137244,0
Gerard Piqué Bernabéu,Barcelona,0.027582003951405917,35.34642839099872,80.88411316714398,1
Sergi Roberto Carnicer,Barcelona,0.0062999223415341095,13.074020039758237,-21.068974931931205,1
Scott Dann,Crystal Palace,0.0071303041016362876,47.73101716913227,-59.67443811716507,1
César Azpilicueta Tanco,Chelsea,0.03828632626172732,24.5,0.0,1
Daniel Parejo Muñoz,Valencia,0.03298317692016503,20.999523804124703,-29.372616260878946,1
Samuel Yves Umtiti,Barcelona,0.010317695136273801,17.344163283364235,-9.625248156123916,1
Laurent Koscielny,Arsenal,0.03340511991021904,29.44775033852331,-59.60350987778443,1
Rubén Peña Jiménez,Eibar,0.012494033941612564,13.200378782444087,-89.56594936786061,1
Kasper Schmeichel,Leicester City,0.029665541000751923,42.82102287428454,17.67330681203469,1
Harry Arter,AFC Bournemouth,0.06018652073963246,18.668154702594478,-57.24633285968039,1
Robert Kenedy Nunes do Nascimento,Chelsea,0.09175945987765467,22.269710370815332,-73.02968098228337,1
José Paulo Bezzera Maciel Júnior,Barcelona,0.08089026494201067,18.921416437465773,-87.27368900609372,1
Unai Núñez Gestoso,Athletic Club,0.002233684222155495,33.45115842538192,-105.0748494095508,0
Ikechi Anya,Watford,0.20285223988922962,26.300760445279902,-89.56429904873225,1
Mateo Kovačić,Real Madrid,0.007595734735927685,14.317821063276353,-114.77514056883193,0
Fabian Lukas Schär,RC Deportivo La Coruña,0.0663583408826476,25.066710992868607,51.80425956260842,1
Ezequiel Marcelo Garay,Valencia,0.016753272241703854,29.82633064927699,-98.48327243488967,0
Tim Howard,Everton,0.012482494827321739,76.3613776722238,-32.920065268928894,1
Daley Blind,Manchester United,0.013120033426997359,26.699250925821875,41.81175269501737,1
Bradley Guzan,Aston Villa,0.01678481202115272,67.11095290636246,11.343419191138436,1
Hernán Daniel Santana Trujillo,Las Palmas,0.05426813062133854,13.708756325794111,105.65834529901973,0
Wayne Hennessey,Crystal Palace,0.003959215746381757,13.778606605894518,-74.85429385556984,1
Stéphane Sessègnon,West Bromwich Albion,0.12264332624228952,14.312581877495063,34.46728817685801,1
Eneko Bóveda Altube,Athletic Club,0.023605811478770923,9.135097153287425,-84.97592474146043,1
Benik Afobe,AFC Bournemouth,0.24435582654341223,6.525335240430178,74.89890183861453,1
José Ángel Valdés Díaz,Eibar,0.05445021351855352,18.385320231097413,135.440728072761,0
Michael Krohn-Dehli,RC Deportivo La Coruña,0.08711928552175065,14.819244245237345,166.3388462930945,0
Mohamed Naser Elsayed Elneny,Arsenal,0.05215528051320649,17.831432920547915,-66.88579201667316,1
Eden Hazard,Chelsea,0.1705810487104005,8.121576201698781,170.0737544933483,0
Lucas Pezzini Leiva,Liverpool,0.0462663284051714,15.980613254815976,52.628149668580704,1
Ivan Rakitić,Barcelona,0.05343098831199542,12.84250754331101,40.26255665198985,1
Sergi Roberto Carnicer,Barcelona,0.054825478238112256,12.747548783981975,-152.42986281766784,0
Ashley Westwood,Aston Villa,0.01012356268138208,9.604165762834372,148.6269948598915,0
José Paulo Bezzera Maciel Júnior,Barcelona,0.05455127754786242,19.6468827043885,14.743562836470735,1
Marc Albrighton,Leicester City,0.2327678087622391,50.23594330755619,-59.75998231718277,1
Sergi Roberto Carnicer,Barcelona,0.040686362920819896,10.729864864013898,-94.27584111262892,0
Daniel Amartey,Leicester City,0.07962751624463793,16.68682114724071,-58.977357795429214,1
Jonathan Howson,Norwich City,0.04493418998952164,58.41523773811077,-20.544565400159225,1
Andrés Iniesta Luján,Barcelona,0.07953239105312002,17.40028735394907,50.363069420046735,1
Kevin Wimmer,Tottenham Hotspur,0.01534543018008544,52.25217698814088,106.11107724107781,0
José Leonardo Ulloa,Leicester City,0.1986494451813062,5.277309920783494,152.94940299291383,0
Stanislav Lobotka,Celta Vigo,0.00573982059425364,10.159232254457027,69.2459286812006,1
Gerard Piqué Bernabéu,Barcelona,0.015657464543031192,12.940247292845687,73.38557551087364,1
Daniel García Carrillo,Eibar,0.03327214758576779,48.756230371102326,4.587978124072486,1
Ivan Rakitić,Barcelona,0.027107402425590742,23.753947040439407,83.47335123839558,1
Sergio Busquets i Burgos,Barcelona,0.12045171596277589,10.63014581273465,131.18592516570965,0
Ousmane Dembélé,Barcelona,0.1564571955350006,20.270421801235415,-71.29689816063453,1
Juan Francisco Moreno Fuertes,RC Deportivo La Coruña,0.20343023375164224,30.746056657724417,-98.60448159309264,0
Steven N''Kemboanza Mike Christopher Nzonzi,Sevilla,0.018915416863438898,7.887331614684399,-39.340518159837515,1
Ander Iturraspe Derteano,Athletic Club,0.015003469116976031,19.955199823604865,107.7993640287517,0
Luis Alberto Suárez Díaz,Barcelona,0.017701572715173936,39.20051020076142,90.29232286922856,0
Thomas Vermaelen,Barcelona,0.008147883524784153,4.47213595499958,-63.43494882292201,1
Jozabed Sánchez Ruiz,Celta Vigo,0.02159027072778906,11.957006314291215,-147.63906244063006,0
Ousmane Dembélé,Barcelona,0.015608776736998497,34.90128937446294,-113.11236668180376,0
Bacary Sagna,Manchester City,0.009966200341156443,20.738611332488006,-29.77914910356984,1
Hernán Daniel Santana Trujillo,Las Palmas,0.03658131856375354,10.358571330062846,-83.90413845540422,1
Tony Hibbert,Everton,0.058848247540474435,6.8425141578224125,-153.06047193619918,0
Nordin Amrabat,Leganés,0.0208477024203225,11.107204868912792,-133.1759101676239,0
José Luis Gayà Peña,Valencia,0.2687525573374838,2.8999999999999986,90.0,0
Kepa Arrizabalaga Revuelta,Athletic Club,0.002819580254485567,27.505090437953477,69.1270026374922,1
Lionel Andrés Messi Cuccittini,Barcelona,0.00724619524769256,12.175385004179542,-137.66300076606714,0
Alexis Alejandro Sánchez Sánchez,Arsenal,0.011714586423617284,8.570297544426333,19.06919353734813,1
Aleksandar Kolarov,Manchester City,0.13490056459465788,13.612494260788507,102.30053887899811,0
Christian Dannemann Eriksen,Tottenham Hotspur,0.06585025091366327,13.433167906342868,-29.427456403189723,1
Lucas Digne,Barcelona,0.027439741202198022,12.124768039018313,54.73698827040275,1
Lucas Pezzini Leiva,Liverpool,0.10373806667443707,35.43811507402729,-13.212746878335242,1
Craig Dawson,West Bromwich Albion,0.0363660725974391,13.464768843169932,-152.10272896905238,0
Danny Drinkwater,Leicester City,0.03157620163633783,34.78174808717929,-29.070604037089907,1
Marcelo Vieira da Silva Júnior,Real Madrid,0.05368385257970323,9.798979538707078,114.73430252905247,0
Samuel Castillejo Azuaga,Villarreal,0.25601098143876405,12.165525060596439,80.53767779197439,1
Harry Arter,AFC Bournemouth,0.03692916553160051,36.76139279189515,10.026037090321294,1
Kevin Linford Stewart,Liverpool,0.027119452847487534,18.246369501903654,-85.91438322002512,1
Markel Susaeta Laskurain,Athletic Club,0.11078608140057077,14.481022063376598,-39.95754893082909,1
Toni Kroos,Real Madrid,0.007223144639777942,10.756393447619885,47.2605019111413,1
Nicolás Hernán Otamendi,Manchester City,0.011688329666671307,40.30793966453756,-91.13723583463953,0
Eden Hazard,Chelsea,0.06778261961051715,9.928242543370907,-116.30696382574183,0
Enric Saborit Teixidor,Athletic Club,0.06514770413185982,5.824946351684282,-11.888658039627963,1
Gustavo Daniel Cabral Cáceres,Celta Vigo,0.009198296995119445,22.95386677664571,-112.54306100005788,0
Gary O''Neil,Norwich City,0.005955109855356088,35.52590604052203,-173.5351362542118,0
Mile Jedinak,Crystal Palace,0.01874722782502957,18.45318400710294,-4.351077951573903,1
Bacary Sagna,Manchester City,0.021972803453286494,24.575801105966004,-149.1561925868552,0
Mousa Sidi Yaya Dembélé,Tottenham Hotspur,0.04273925739779852,6.008327554319923,-161.565051177078,0
Roberto Suárez Pier,Levante UD,0.036965612003066514,23.083543922023757,-115.12185814910436,0
Jesús Navas González,Manchester City,0.14452578733861626,22.443707358633947,3.576334374997331,1
Sergio Postigo Redondo,Levante UD,0.014583483752778749,26.85609800399157,82.0810975616228,1
Gnégnéri Yaya Touré,Manchester City,0.05489402139250612,13.02497600765545,7.943471810590396,1
Lee Cattermole,Sunderland,0.0036163035740838633,13.41118935814419,-120.96375653207352,0
Ivo Daniel Ferreira Mendonca Pinto,Norwich City,0.01436933097215778,29.255085028076735,-23.14715805034177,1
Marko Dmitrović,Eibar,0.024660860081497572,61.665063042212154,-6.237584800597283,1
Karim Benzema,Real Madrid,0.02724338697534047,8.558621384311836,136.4202655463991,0
Matías Aguirregaray Guruceaga,Las Palmas,0.034160075454773536,23.891839611047125,-104.79238751959338,0
Sergi Roberto Carnicer,Barcelona,0.05880291341455472,15.0,-90.0,0
Jordi Alba Ramos,Barcelona,0.008886015060588394,13.64734406395618,24.68717372979263,1
Jordon Mutch,Crystal Palace,0.06900331768658553,19.65400722499104,58.736268305622566,1
Andrés Iniesta Luján,Barcelona,0.06423325190721654,26.15836386320827,-55.27714058141241,1
Samuel Yves Umtiti,Barcelona,0.020940658359906515,15.004665940966495,56.415839524407026,1
Francisco Alcácer García,Barcelona,0.02183530383576509,10.711675872616757,92.67542665602915,0
Hernán Daniel Santana Trujillo,Las Palmas,0.016878492134876355,6.876772498781677,-49.12759170251172,1
Joan Jordán Moreno,Eibar,0.006630114337737372,7.976214641043706,-97.92692668268961,0
Sergi Roberto Carnicer,Barcelona,0.18393999187803214,18.813824704190274,-136.29216688624993,0
David Josué Jiménez Silva,Manchester City,0.015860783017264686,21.11421322237701,81.83152137595451,1
Ivan Rakitić,Barcelona,0.05532440175789277,5.557877292636103,81.72410717292469,1
Younes Kaboul,Sunderland,0.03896155816069115,69.37449098912366,6.705011900019869,1
Claudio Ariel Yacob,West Bromwich Albion,0.0062558820351490355,23.693247983339052,-95.08496060472183,0
Daniel Amartey,Leicester City,0.006165024512853197,32.9874218453034,-104.75240341339689,0
Sergio Busquets i Burgos,Barcelona,0.080067703167629,7.023531875061159,61.97549946792968,1
Juan Manuel Mata García,Manchester United,0.07989397025999308,7.61642960973184,86.23596513509428,1
Steve Cook,AFC Bournemouth,0.003651479503212906,9.871676655968836,-13.473158112731166,1
Lionel Andrés Messi Cuccittini,Barcelona,0.01790712280587797,7.220110802473879,-126.55247275209159,0
Charles Días Barbosa de Oliveira,Eibar,0.014918573684262247,17.758941409892653,152.136274503576,0
Ross Barkley,Everton,0.02965627424579679,18.330848316430973,-170.8973775117081,0
Jordi Alba Ramos,Barcelona,0.011189522259760783,10.139033484509266,157.98871680208066,0
Fabián Ruiz Peña,Real Betis,0.06383131037704905,14.866068747318506,-137.72631099390625,0
Jonathan Grant Evans,West Bromwich Albion,0.0733949314137088,48.94609279605472,24.889601163310356,1
Marc-André ter Stegen,Barcelona,0.006180878623550326,37.18776680576558,-35.69887211992634,1
Damien Delaney,Crystal Palace,0.08776996106949621,19.702284131541703,158.2525921748616,0
Jonathan Calleri,Las Palmas,0.036246155095438756,12.14907403878996,32.905242922987924,1
Marc-André ter Stegen,Barcelona,0.004456331000810786,13.613228860193306,-2.5261169116195616,1
Thomas Vermaelen,Barcelona,0.011275318746641911,27.572631357924475,-175.84035770628736,0
Ousmane Dembélé,Barcelona,0.12371794760061995,18.532673849177836,-109.2170951769787,0
Lionel Andrés Messi Cuccittini,Barcelona,0.07065324421642562,21.912553479683734,21.412969474871772,1
Antonio Manuel Luna Rodríguez,Levante UD,0.022472654423831503,20.109947787102776,-12.930551466942768,1
Danny Rose,Tottenham Hotspur,0.004246949063713682,36.06272313622475,145.16416963584513,0
Rudy Gestede,Aston Villa,0.012655976762255071,37.100539079641415,89.69113086524811,1
Matías Nahuel Leiva Esquivel,Real Betis,0.03638027318148378,6.324555320336759,-108.43494882292202,0
Gabriel Iván Mercado,Sevilla,0.024246423938299344,18.2258058806737,-38.316135891965864,1
Andrés Iniesta Luján,Barcelona,0.0303872987957745,11.860016863394415,126.77327753589182,0
Anthony Martial,Manchester United,0.07069583281163763,18.69037185290865,107.75635034065404,0
Arouna Koné,Everton,0.09353593484059645,26.0357446599862,-120.20891510128882,0
Nélson Cabral Semedo,Barcelona,0.022893194236707746,27.64489102890442,-154.73268949966103,0
Christian Fuchs,Leicester City,0.22107112049983543,50.97224735088693,78.22712593838662,1
Erik Lamela,Tottenham Hotspur,0.08147337033616539,23.908366736354033,-33.224798801211946,1
Andreu Fontàs Prat,Celta Vigo,0.0065373577327854145,14.687409574189726,96.25403274391645,0
Samuel Yves Umtiti,Barcelona,0.022135334323532853,10.400480758118826,0.5509039792185808,1
Martín Montoya Torralbo,Valencia,0.14112198544687138,80.2686738397988,-52.28778801189493,1
Eden Hazard,Chelsea,0.04230162079894771,20.689127579480004,60.46121774044193,1
Míchel Macedo Rocha Machado,Las Palmas,0.005578488212273609,15.04559736268387,-60.53852502903209,1
Esteban Félix Granero Molina,Espanyol,0.0042992053962675105,23.40939982143925,109.98310652189998,0
Sergi Roberto Carnicer,Barcelona,0.03057048376743966,11.40175425099138,-127.87498365109822,0
Charlie Daniels,AFC Bournemouth,0.02033821389364135,54.8613707448146,7.43591058644914,1
Jonathan Leko,West Bromwich Albion,0.06783210327493386,10.61178590059186,177.29937066260473,0
Francesc Fàbregas i Soler,Chelsea,0.10734738134140075,5.854912467321776,97.8533133019782,0
Ivan Rakitić,Barcelona,0.01879925171370522,39.698866482558415,-49.08561677997488,1
Gerard Deulofeu Lázaro,Barcelona,0.02841220327005336,16.55294535724685,-154.9831065219,0
Luka Modrić,Real Madrid,0.00948031669817509,18.867962264113206,-122.0053832080835,0
Jordi Alba Ramos,Barcelona,0.08679228901026499,19.53586445489423,121.81885392834025,0
José Paulo Bezzera Maciel Júnior,Barcelona,0.00622979142211349,9.219544457292887,-77.47119229084849,1
Íñigo Lekue Martínez,Athletic Club,0.07565486428679875,10.63202708800161,106.38954033403479,0
Gerard Piqué Bernabéu,Barcelona,0.006335859737843721,3.7589892258425,-61.38954033403471,1
Andreu Fontàs Prat,Celta Vigo,0.021976559108716633,39.39708111015332,54.81735200156132,1
Sergio Rico González,Sevilla,0.00847028532307735,58.78613782176883,-23.032219497285347,1
Lionel Andrés Messi Cuccittini,Barcelona,0.17523004663566083,25.942243542145693,-62.447188423282206,1
Charles Días Barbosa de Oliveira,Eibar,0.009056149285202656,14.491721774861674,-148.83282735389773,0
Sergio Busquets i Burgos,Barcelona,0.02089198946828374,15.988120589988059,60.388467832759,1
Heurelho da Silva Gomes,Watford,0.042277711084584696,59.83920119787697,27.036082100778167,1
Ross Barkley,Everton,0.16206290485305722,40.36285421027606,37.55128212617798,1
Kasper Schmeichel,Leicester City,0.015896118351734677,70.44501401802685,-25.65567072787885,1
Bacary Sagna,Manchester City,0.01004004855715447,17.104970037974347,-12.492475577361096,1
Pablo Fornals Malla,Villarreal,0.022554578723966528,20.024984394500787,-2.8624052261117474,1
Robert Brady,Norwich City,0.005826536708433591,5.72712842531054,24.775140568831922,1
José Salomón Rondón Giménez,West Bromwich Albion,0.008322154732008358,6.016643582596532,-164.5778386812614,0
Abdul Rahman Baba,Chelsea,0.02295840880378399,67.8146001978925,145.81783358484103,0
Yann Gérard M''Vila,Sunderland,0.01557215439459008,8.42199501305956,-119.91364599153488,0
Marc-André ter Stegen,Barcelona,0.0023457307296043976,19.43733520830466,77.82289187726921,1
Éver Maximiliano David Banega,Sevilla,0.058425869669734884,38.77434718986253,-86.45131802609555,1
Carlos Henrique Casimiro,Real Madrid,0.0136275802050996,16.64331697709324,-122.7352262721076,0
José Paulo Bezzera Maciel Júnior,Barcelona,0.013371453324680722,12.727922061357855,45.0,1
Michael Krohn-Dehli,RC Deportivo La Coruña,0.014496448708004846,21.071782079359117,-155.0159596028827,0
Jack Colback,Newcastle United,0.04881014504155814,22.77542535277882,149.38139459109064,0
Glenn Whelan,Stoke City,0.014449512717608437,26.000769219390413,89.55927192723898,1
Marc Albrighton,Leicester City,0.09685625505598278,44.63630809105969,64.23864451690845,1
Kolo Habib Touré,Liverpool,0.023424268189224495,13.591173606425604,-32.98852161363457,1
Sergi Roberto Carnicer,Barcelona,0.014349855523483493,22.45551157288562,-168.43986920578223,0
Pape N''Diaye Souaré,Crystal Palace,0.1739630818729111,18.26170857285813,-4.711530946101557,1
Mile Jedinak,Crystal Palace,0.005576130833205097,7.134423592694789,174.36931724236473,0
Marcelo Vieira da Silva Júnior,Real Madrid,0.005039024714987707,13.382451195502265,65.73321156746682,1
Ousmane Dembélé,Barcelona,0.06500124594781304,7.660939890117919,54.02761295071508,1
Bacary Sagna,Manchester City,0.12267703566456555,10.369667304209905,-83.35472178972564,1
Lucas Vázquez Iglesias,Real Madrid,0.2469402157694407,18.984203960134852,11.546690545927339,1
Harry Kane,Tottenham Hotspur,0.07000366422216141,8.297590011563592,130.60129464500443,0
Matías Nahuel Leiva Esquivel,Real Betis,0.2696121458139266,50.28916384272063,-72.64597536373867,1
Sergio Busquets i Burgos,Barcelona,0.03091813009449826,23.753947040439403,-86.13779094613483,1
Geoff Cameron,Stoke City,0.06140841430361533,8.411896337925235,-18.00416160591338,1
DeAndre Yedlin,Sunderland,0.02546764999854255,13.213629327327148,-92.60256220249981,0
Lionel Andrés Messi Cuccittini,Barcelona,0.011701187025856692,19.1049731745428,-137.12109639666144,0
Martín Gastón Demichelis,Manchester City,0.008650793057934689,11.830891766895679,22.88063717641769,1
Charlie Adam,Stoke City,0.16684980379440242,28.87646100199953,113.90205041101083,0
Jordi Alba Ramos,Barcelona,0.09653943253012866,9.272000862812726,73.71507752811664,1
Daniel García Carrillo,Eibar,0.04606389109452512,9.399999999999999,-90.0,0
Riyad Mahrez,Leicester City,0.0339805710893077,12.393950137062841,-75.51526643967703,1
Zouhair Feddal,Real Betis,0.0031107659441070384,3.605551275463989,123.69006752597979,0
Jack Butland,Stoke City,0.025964567226678913,70.70007072132248,-14.33107335028507,1
André Filipe Tavares Gomes,Barcelona,0.013294960043255647,13.188252348207476,121.03826335550279,0
Alberto Aquilani,Las Palmas,0.004220825517416474,6.488451279003332,-65.40988283380399,1
José Luis Gayà Peña,Valencia,0.005488018439756692,12.71377206025025,160.70995378081125,0
David de Gea Quintana,Manchester United,0.004812858706857122,14.571547618561318,-11.078591418218101,1
José Paulo Bezzera Maciel Júnior,Barcelona,0.0471613424103274,22.049263026232875,-73.12652934532457,1
Gerard Piqué Bernabéu,Barcelona,0.0020582827464247387,21.110187114282056,-131.543380827958,0
Zouhair Feddal,Real Betis,0.0035414612475636676,24.698178070456937,121.75948008481281,0
Adam David Lallana,Liverpool,0.05126965882369107,13.010764773832479,135.0,0
Chancel Mbemba Mangulu,Newcastle United,0.028376237217593754,21.70829334609241,-97.94347181059041,0
Fernando Francisco Reges,Manchester City,0.029134693971973456,4.875448697299565,64.48612957246584,1
Craig Dawson,West Bromwich Albion,0.008688634093196642,7.034912934784623,-5.710593137499665,1
Jason Puncheon,Crystal Palace,0.14356464403152944,25.793410011086163,31.039947683324105,1
Wilfried Guemiand Bony,Manchester City,0.1166676318957428,22.921823662178358,92.50041056437689,0
Joe Hart,Manchester City,0.007680703586381468,63.01253843482264,26.68704342604703,1
Jordan Ayew,Aston Villa,0.06287955963880633,16.51696097955069,165.62722131553815,0
Erik Lamela,Tottenham Hotspur,0.06212185520349495,24.23303530307336,131.31937782696957,0
Luis Alberto Suárez Díaz,Barcelona,0.010894454046628792,5.571355310873651,68.9624889745782,1
Raúl García Escudero,Athletic Club,0.008300688656624514,16.699999999999996,0.0,1
Dani Castellano Betancor,Las Palmas,0.027520979013020596,20.259565641938128,116.05914132737382,0
Sergi Roberto Carnicer,Barcelona,0.06659070481173883,11.374532957444888,-6.562698508937455,1
Marc-André ter Stegen,Barcelona,0.005217684234098495,44.10215414239989,57.03059609653788,1
Philipp Wollscheid,Stoke City,0.010271795078495493,19.03733174580934,18.054251571495247,1
Samuel Castillejo Azuaga,Villarreal,0.011179519714521316,17.11724276862369,173.29016319224309,0
Éver Maximiliano David Banega,Sevilla,0.013188956837670563,17.9627392120467,45.902221161530164,1
Nélson Cabral Semedo,Barcelona,0.0030151260035238187,7.0710678118654755,81.86989764584403,1
Jonathan Calleri,Las Palmas,0.23037147424803464,58.20077319074035,-100.09352136152258,0
Rubén Peña Jiménez,Eibar,0.13888730960171003,44.12640932593541,-78.89378499467658,1
Gerard Piqué Bernabéu,Barcelona,0.030883949343753846,18.329484444468154,-68.89516141507036,1
André Filipe Tavares Gomes,Barcelona,0.006740860830376447,24.821361767638777,117.08121540684283,0
Sergio Ramos García,Real Madrid,0.011298893397578417,23.600847442411894,-53.615648184164115,1
Artur Boruc,AFC Bournemouth,0.01402789792073041,73.75852493102069,-21.974507991471963,1
Bertrand Isidore Traoré,Chelsea,0.012206910542153419,19.01630879008857,83.6598082540901,1
Jordan Ayew,Aston Villa,0.037773158821279115,11.583177456984759,-116.12262151903849,0
Ivan Rakitić,Barcelona,0.07927980301071451,13.038404810405298,-57.52880770915151,1
Ivan Rakitić,Barcelona,0.042079354932112276,7.392563831310495,-156.90317808183926,0
Craig Dawson,West Bromwich Albion,0.01837847701339947,29.36409372005205,-100.20013300719708,0
Moussa Sissoko,Newcastle United,0.008566754237317113,16.138463371709214,67.40744476367269,1
Stéphane Sessègnon,West Bromwich Albion,0.0059169989221423604,19.424983912477252,-144.42803389403807,0
Joel Ward,Crystal Palace,0.13495573485984896,4.049691346263323,-147.0947570770121,0
Gerard Moreno Balaguero,Espanyol,0.01859940704273691,10.0,36.86989764584402,1
José Paulo Bezzera Maciel Júnior,Barcelona,0.02184790051334447,7.0710678118654755,-135.0,0
Erik Lamela,Tottenham Hotspur,0.04031467041666474,22.871160880025307,138.01278750418336,0
Sergio León Limones,Real Betis,0.05640165645397962,10.198039027185569,101.30993247402021,0
José Paulo Bezzera Maciel Júnior,Barcelona,0.06964064771289397,24.186773244895647,-60.25511870305778,1
Nacer Chadli,Tottenham Hotspur,0.005813056834666672,2.765863337187869,-102.52880770915154,0
Sergio Busquets i Burgos,Barcelona,0.08716550008594812,38.52401848198082,33.56631873457333,1
Jordi Alba Ramos,Barcelona,0.03672366048134,6.946221994724902,59.743562836470744,1
Lee Cattermole,Sunderland,0.019333177860200217,7.905694150420954,2.1747441146100828,1
Laurent Koscielny,Arsenal,0.011406914954321433,24.714570601165622,76.1886652081383,1
Sergio Busquets i Burgos,Barcelona,0.014648109785612286,33.739739180971746,57.95861567851858,1
Marcelo Vieira da Silva Júnior,Real Madrid,0.020145394850960716,20.019240744843447,60.36161631184864,1
Kolo Habib Touré,Liverpool,0.007679006087188955,28.778464170278443,109.06454743133229,0
Samuel Yves Umtiti,Barcelona,0.014994046487714291,24.331050121192877,99.46232220802563,0
Sergi Roberto Carnicer,Barcelona,0.04714805179625233,18.732325002519037,3.366460663429785,1
Sergio Busquets i Burgos,Barcelona,0.08298764713391064,21.46625258399798,63.43494882292203,1
James McClean,West Bromwich Albion,0.05664353937230587,20.702173798903342,179.169684513742,0
Gerard Piqué Bernabéu,Barcelona,0.007894165478208854,13.92838827718412,-111.03751102542182,0
Claudio Ariel Yacob,West Bromwich Albion,0.04657574512992638,21.523010941780424,-33.24706774933585,1
Guilherme dos Santos Torres,RC Deportivo La Coruña,0.057316561292894495,8.709764635166671,-167.3998401739193,0
Víctor Sánchez Mata,Espanyol,0.009769432680232093,11.661903789690601,30.96375653207352,1
Chancel Mbemba Mangulu,Newcastle United,0.020835573205752318,4.545327270945399,39.64417495714473,1
Sergio Busquets i Burgos,Barcelona,0.014908353742727257,14.003570973148248,-6.9727692860264705,1
Takashi Inui,Eibar,0.2495552311834765,30.92216033850158,83.12779130636605,1
Bradley Guzan,Aston Villa,0.005982772037389556,56.0083029559011,25.146675520163132,1
Lucas Digne,Barcelona,0.0256088211168363,7.083784299369937,18.946504689509045,1
Gabriel Armando de Abreu,Arsenal,0.0051022608958928165,13.688316185711082,-62.12448961347252,1
Eden Hazard,Chelsea,0.01204219142907371,46.2455403255276,62.71463364705412,1
Jon Flanagan,Liverpool,0.019345936862175974,16.1533278305122,-61.5310810034057,1
John Stones,Everton,0.0016782193981512098,19.378596440403,-104.03624346792648,0
Papiss Demba Cissé,Newcastle United,0.01932843427606544,8.640601830891178,-156.10483858492964,0
Charlie Adam,Stoke City,0.008644406509896051,4.596737973824476,-45.88140399658215,1
Matthew Pennington,Everton,0.0033696953666291483,28.560287113402765,131.16705303875278,0
Pape N''Diaye Souaré,Crystal Palace,0.11469540740104334,8.450443775329198,140.28124062844512,0
Lucas Pezzini Leiva,Liverpool,0.006884638699761459,13.44656089860898,38.65980825409009,1
Jonathan Viera Ramos,Las Palmas,0.013302501317345188,6.62872536767062,168.69006752597977,0
Yann Gérard M''Vila,Sunderland,0.05565361749400619,10.900000000000002,56.60151153201276,1
Sergio Busquets i Burgos,Barcelona,0.0726861686766249,11.941942890501533,4.803485759069076,1
Marc-André ter Stegen,Barcelona,0.005018892350468311,23.256181973832252,27.115955156296565,1
Simon Mignolet,Liverpool,0.00937254697537822,63.68304326898958,11.96279730049006,1
Rubén Salvador Pérez Del Mármol,Leganés,0.0037443839113584045,11.995415791042843,118.91542434162672,0
Sergio Escudero Palomo,Sevilla,0.01123213933068012,14.101418368376988,-0.8126515942537341,1
Adam Johnson,Sunderland,0.011093043889218458,17.575551200460254,153.28915835000277,0
Jon Flanagan,Liverpool,0.0049733034275325555,50.4533447850586,-146.97137168147952,0
Ousmane Dembélé,Barcelona,0.03537054002691046,18.527007313648912,-176.9059419410829,0
Rubén Salvador Pérez Del Mármol,Leganés,0.02750155296467872,19.475625792256334,39.165211003158674,1
Martín Gastón Demichelis,Manchester City,0.03953666186008657,11.588356225108033,28.33424248312459,1
Ander Iturraspe Derteano,Athletic Club,0.23951499676261478,32.18400223713639,-106.23884162969229,0
Craig Cathcart,Watford,0.06053204655783654,27.90877998050075,1.4372269963218953,1
Alejandro Gálvez Jimena,Eibar,0.022804065585927236,18.33575741549827,39.245434668897815,1
Joe Allen,Liverpool,0.15661121316846754,26.64751395533925,-67.95902767478067,1
Jordi Alba Ramos,Barcelona,0.0527150728273839,15.0,53.13010235415598,1
Luis Alberto Suárez Díaz,Barcelona,0.22587487552965288,7.600657866263944,-89.24615166692928,1
Sergi Roberto Carnicer,Barcelona,0.10004511232087941,10.348429832588128,174.45468269113798,0
Mikel San José Domínguez,Athletic Club,0.02414018875107649,1.8681541692269377,-74.47588900324573,1
Gnégnéri Yaya Touré,Manchester City,0.00436375577093096,31.936342934030503,164.0053174191798,0
Martín Gastón Demichelis,Manchester City,0.031426954626540514,24.29979423781197,5.194428907734797,1
Timm Klose,Norwich City,0.007544131833448509,32.07553584899245,-57.99461679191651,1
Antonio Manuel Luna Rodríguez,Levante UD,0.010432515682980157,21.326509325250584,98.3580684437,0
Leighton Baines,Everton,0.11189708632966211,16.274212730574714,103.86546668748065,0
Geoff Cameron,Stoke City,0.031230947289856783,20.847062143141418,-8.829744667909054,1
Jack Colback,Newcastle United,0.019058457248006977,19.20650931325106,-1.4917404353727175,1
José Salomón Rondón Giménez,West Bromwich Albion,0.07330689435432229,15.39415473483362,-173.6598082540901,0
Darren Fletcher,West Bromwich Albion,0.04592155082705196,13.138112497615479,94.36525773502794,0
Kevin Linford Stewart,Liverpool,0.04015689487066425,19.38375608596023,-84.67176521802014,1
Sergio Busquets i Burgos,Barcelona,0.002749933208054751,18.110770276274835,-173.6598082540901,0
Jordi Alba Ramos,Barcelona,0.04102201151410482,11.183022847155415,102.91781284393396,0
Christian Fuchs,Leicester City,0.04684123811294492,12.044085685513869,119.33183957824754,0
Connor Wickham,Crystal Palace,0.09065156287577482,7.338937252763511,-70.08359400619094,1
Glen Johnson,Stoke City,0.20030380127251948,17.168575945604804,-98.03571071053476,0
Rob Elliot,Newcastle United,0.004002985202547063,15.391231269784752,-49.47946045235027,1
Danny Drinkwater,Leicester City,0.1342972465993992,16.063934760823702,-42.729550329334934,1
John Stones,Everton,0.07947697328733072,13.325539388707693,58.81502534126161,1
Gerard Piqué Bernabéu,Barcelona,0.04067368123279543,25.603515383634335,-84.8460914387722,1
Jonathan Calleri,Las Palmas,0.22563125713186044,8.910667763978187,-135.90938044919918,0
Claudio Ariel Yacob,West Bromwich Albion,0.009256112907649413,25.096015620014263,106.19627893684698,0
Younes Kaboul,Sunderland,0.016263371306608407,43.36646169564679,-3.172501419531591,1
Sergio Busquets i Burgos,Barcelona,0.011014378235893296,14.424978336205566,-16.927513064147043,1
Christian Fuchs,Leicester City,0.05818515882049017,11.676472069936192,56.17383824181473,1
Oier Olazábal Paredes,Levante UD,0.011971399471297639,53.89666037891402,-14.835547671194671,1
Karim Benzema,Real Madrid,0.13101520444971915,6.041522986797286,155.55604521958347,0
Norberto Murara Neto,Valencia,0.007130496644856276,12.800390619039717,44.05043314356421,1
Kepa Arrizabalaga Revuelta,Athletic Club,0.012544840169743438,55.189310559201594,30.607665532607815,1
Eric Dier,Tottenham Hotspur,0.009051828938943357,12.09173271289107,-134.66494078139087,0
Toni Kroos,Real Madrid,0.01829080605359448,13.892443989449804,-149.74356283647072,0
Thomas Vermaelen,Barcelona,0.01845467737199981,30.516389039334257,-55.00797980144134,1
Matt Ritchie,AFC Bournemouth,0.006862478308421673,32.76171546180084,-118.83377947837262,0
Iván Ramis Barrios,Eibar,0.028237489747113577,14.883883901724044,51.82115236478435,1
José Luis Gayà Peña,Valencia,0.024766855438837946,11.197321108193693,72.85965069524228,1
Zouhair Feddal,Real Betis,0.09488386189069925,24.698178070456937,21.370622269343183,1
Lucas Pezzini Leiva,Liverpool,0.02450350891927059,16.13071604114337,-19.558251536997435,1
Valon Behrami,Watford,0.016809401114882893,13.870832707519762,95.79279649503216,0
Javier Alejandro Mascherano,Barcelona,0.007030016634706013,32.734385590690415,87.37359436170925,1
Kevin Toner,Aston Villa,0.0035875451973058693,33.182073473488664,-13.240519915187203,1
Jonas Olsson,West Bromwich Albion,0.004817259454152972,6.053924347066128,30.80144597613683,1
Guilherme dos Santos Torres,RC Deportivo La Coruña,0.01976457311192795,16.86475615003075,-62.0674048184644,1
Alejandro Gálvez Jimena,Eibar,0.006362672591912088,21.637236422426962,-14.999646713630044,1
Leandro Bacuna,Aston Villa,0.1901300656003222,29.789259809535388,-71.20011484134734,1
Gerard Piqué Bernabéu,Barcelona,0.10638075546824381,33.68827689271151,-81.29262972847961,1
Jordi Alba Ramos,Barcelona,0.03823871431446411,7.92590688817374,60.52411099675432,1
Charlie Daniels,AFC Bournemouth,0.021768190948559366,8.407734534343959,63.13018691250091,1
Wayne Hennessey,Crystal Palace,0.00551036201092034,25.641567814780743,31.768527262933247,1
Andrés Iniesta Luján,Barcelona,0.04055941394739432,16.38566446623389,-60.775580809799095,1
José Salomón Rondón Giménez,West Bromwich Albion,0.05572021760605815,12.675172582651484,55.93381678575581,1
Ousmane Dembélé,Barcelona,0.23143550262806944,4.482186966202992,-128.65980825409008,0
Wes Brown,Sunderland,0.02521764698587335,39.132211795399456,-8.523525809694386,1
Hernán Daniel Santana Trujillo,Las Palmas,0.014509232081267228,14.621901381147387,-40.006256014176614,1
Samuel Yves Umtiti,Barcelona,0.03189779467498971,32.655321159039296,3.335551236732356,1
Riza Durmisi,Real Betis,0.09859863114241736,18.110770276274835,96.3401917459099,0
Geoff Cameron,Stoke City,0.03011849457518941,40.621422919439944,16.739774134929537,1
James Philip Milner,Liverpool,0.11069525939659663,7.716216689544173,-3.715289105428767,1
Pedro Eliezer Rodríguez Ledesma,Chelsea,0.02616231842282174,17.196802028284214,124.33692787473163,0
Bojan Krkíc Pérez,Stoke City,0.07402657435803417,21.312203077110535,-98.09208259894464,0
Danny Simpson,Leicester City,0.02742349058135144,5.37587202228624,18.43494882292206,1
Andrew Surman,AFC Bournemouth,0.013343998305682699,33.43366566800596,2.5714358823169703,1
Daryl Janmaat,Newcastle United,0.004975583539507786,37.58257574994029,-142.45929365010946,0
Francisco Javier García Fernández,Real Betis,0.016783252409639782,14.035668847618199,94.08561677997488,0
Sergio Asenjo Andrés,Villarreal,0.004558174147545648,19.209372712298546,-38.65980825409009,1
Mousa Sidi Yaya Dembélé,Tottenham Hotspur,0.0030798377298606127,21.648094604375693,152.48799737614854,0
Luis Alberto Suárez Díaz,Barcelona,0.051571595416198435,14.20563268566381,88.38646106711884,1
Alexander Banor Tettey,Norwich City,0.07918495311784288,2.8071337695236402,-94.08561677997494,0
Nathan Aké,Watford,0.016394228390625497,21.711287386979148,-1.847610265994594,1
Philippe Coutinho Correia,Barcelona,0.11322701782408075,10.63014581273465,-41.18592516570965,1
Moussa Sissoko,Newcastle United,0.016036476758140652,25.40314941104744,-89.09777883846985,1
Gonzalo Escalante,Eibar,0.021143218236359746,26.764155133312173,80.53767779197439,1
Mile Jedinak,Crystal Palace,0.07210642856449019,46.28714724413246,10.581635520943795,1
Pape N''Diaye Souaré,Crystal Palace,0.17218749052706217,40.85400837127246,87.05355261998768,1
Marc Albrighton,Leicester City,0.06624382806654582,6.865857557508751,167.38067770656923,0
Jordi Alba Ramos,Barcelona,0.01538832776916355,22.631835983852483,154.34073548303263,0
Mesut Özil,Arsenal,0.05571294322161892,9.625487000666512,-119.22805194314516,0
Stanislav Lobotka,Celta Vigo,0.0035495622400993168,26.077193100485335,152.35402463626133,0
Philippe Coutinho Correia,Barcelona,0.1336882572250283,22.607963198837705,88.47923033885624,1
José Paulo Bezzera Maciel Júnior,Barcelona,0.01518825084633039,5.333854141237833,96.45881637871868,0
Ivan Rakitić,Barcelona,0.015855189465400522,13.761177275218863,-98.7778173861372,0
Alexander Banor Tettey,Norwich City,0.010860585461627896,17.88994130789701,81.64343329350282,1
Muhamed Bešić,Everton,0.01763177101376409,30.22730553655089,-82.96902670084825,1
José Vicente Gómez Umpiérrez,Las Palmas,0.007215452402826177,18.123189564753773,54.20506257919432,1
Patrick Bamford,Norwich City,0.17319353868090057,8.486459803710849,134.04515874612787,0
Andrés Iniesta Luján,Barcelona,0.17335699237867036,11.031772296417293,44.26547896574517,1
Diego López Rodríguez,Espanyol,0.014804215602198573,75.73493249485338,1.740287518011005,1
Wes Morgan,Leicester City,0.01980394180322068,10.599056561788885,-26.323298267809903,1
Marko Arnautović,Stoke City,0.21635971699199713,13.515176654413361,-121.69082130459951,0
Claudio Ariel Yacob,West Bromwich Albion,0.04102616895146396,8.640023148117143,-73.87242417404016,1
Sergio Ramos García,Real Madrid,0.006555132781627166,43.14185902345888,92.52416575277431,0
José Ángel Valdés Díaz,Eibar,0.0442584599083096,14.034600101178523,145.74378707098091,0
Nemanja Matić,Chelsea,0.06196065214058341,47.753533900644456,96.97619647704481,0
Yann Gérard M''Vila,Sunderland,0.04694971486045822,14.484474446799931,17.68439202655776,1
Diego López Rodríguez,Espanyol,0.008084528204625475,59.49873948244619,13.312201634469073,1
Aïssa Mandi,Real Betis,0.011273119898827186,20.248456731316587,57.094757077012105,1
Sergi Roberto Carnicer,Barcelona,0.1284472695662974,15.913830462839545,173.14292766590071,0
Samuel Yves Umtiti,Barcelona,0.010301621443594049,19.137659209004635,93.59500966100909,0
Juan Francisco Moreno Fuertes,RC Deportivo La Coruña,0.17438310881652105,23.45463706817908,-65.83908487667573,1
Antonio Adán Garrido,Real Betis,0.007843282189858214,66.18912297349165,26.952178931228943,1
Juan Carlos Paredes Reasco,Watford,0.05869197487368679,88.64857584868467,-25.6689743106392,1
Jonathan Viera Ramos,Las Palmas,0.02835928736965334,7.291776189653665,132.22083313592793,0
Héctor Bellerín Moruno,Arsenal,0.012673273447618288,27.799460426418353,-140.98612121120257,0
Wilfried Zaha,Crystal Palace,0.1903952687873678,17.647662734764623,-38.55839990066497,1
Andrés Iniesta Luján,Barcelona,0.17485075892958526,8.920201791439473,93.8568009855899,0
Nélson Cabral Semedo,Barcelona,0.012400523867682922,46.09772228646443,-118.78901241746348,0
Jack Wilshere,Arsenal,0.009996678559542699,12.228654872879517,-129.02567671351937,0
Gerard Piqué Bernabéu,Barcelona,0.007214462054570121,23.08679276123039,72.34987578006988,1
Ivan Rakitić,Barcelona,0.0661876861043794,29.10274901104705,-89.21247874432913,1
Willian Borges da Silva,Chelsea,0.2833913142237517,36.597814142377416,-114.8844835267643,0
Marc-André ter Stegen,Barcelona,0.003914814362850195,9.108786966440704,2.516875656939507,1
Nathaniel Edwin Clyne,Liverpool,0.048535597224435775,29.607093744574126,-107.0885010628355,0
Philippe Coutinho Correia,Liverpool,0.21079556134623706,29.37243605831835,-34.17698877379291,1
Alberto Aquilani,Las Palmas,0.01606015229887432,19.63797341886377,55.58163552094381,1
Emre Can,Liverpool,0.04291097169972792,11.30176977291611,-178.9860212772147,0
Jordi Alba Ramos,Barcelona,0.02495740753550572,5.656854249492381,81.86989764584405,1
Bojan Krkíc Pérez,Stoke City,0.12392896585427815,42.2606199670568,128.65980825409008,0
Andrés Iniesta Luján,Barcelona,0.04503363483109411,5.679788728465166,153.88608736970926,0
José Paulo Bezzera Maciel Júnior,Barcelona,0.09990158765331562,10.837435120913069,-48.3664606634298,1
Scott Dann,Crystal Palace,0.007503233750451046,27.765085989422033,32.94600832309107,1
Alberto Aquilani,Las Palmas,0.06429884654718614,45.749863387774184,81.95845364876396,1
Samuel Yves Umtiti,Barcelona,0.007582554466787696,1.0,90.0,0
Leighton Baines,Everton,0.15090098252903064,7.256031973468692,119.74488129694218,0
Rubén Salvador Pérez Del Mármol,Leganés,0.013425170325936042,12.265398485169571,-65.94265054998827,1
Gareth McAuley,West Bromwich Albion,0.13611426195607645,7.912016177940998,-159.27444113443946,0
Ritchie De Laet,Leicester City,0.011886504288128775,11.485643212288979,-144.92624550665172,0
Daniel García Carrillo,Eibar,0.009393811989885772,13.606616037795732,97.17724585085504,0
Lucas Digne,Barcelona,0.016655926876131648,8.492938243034622,77.7638884905837,1
Glen Johnson,Stoke City,0.07990500508210914,15.905030650709232,-1.4410992921221644,1
Michael Carrick,Manchester United,0.1152716188348498,12.10784869413225,59.19855402386316,1
Joshua King,AFC Bournemouth,0.026987192513946094,2.906888370749725,86.05481377096238,1
Pau López Sabata,Espanyol,0.017820583700090632,89.5377015563835,20.256462174523122,1
Ben Watson,Watford,0.009646359725691708,23.461031520374377,10.064568207251869,1
Aly Cissokho,Aston Villa,0.049929847883602475,14.578408692309319,161.1921988729654,0
Sergio Busquets i Burgos,Barcelona,0.05499476898999432,43.19039245017345,-6.64783680002033,1
Luis Alberto Suárez Díaz,Barcelona,0.147486794934332,11.313708498984761,135.0,0
Gerard Deulofeu Lázaro,Barcelona,0.1537460551013817,10.770329614269007,-158.19859051364818,0
Gabriel Appelt Pires,Leganés,0.040167911525866976,38.79239616213466,21.472284645874492,1
Séamus Coleman,Everton,0.0020044693800979722,20.218061232472316,-130.38612910251157,0
N''Golo Kanté,Leicester City,0.017672737283531942,16.668833192518306,-123.49940007834756,0
Ivan Rakitić,Barcelona,0.005363049706878153,10.295630140987,-150.94539590092285,0
Joleon Lescott,Aston Villa,0.007805293680892651,17.755280904564707,-9.727578551401603,1
Francesc Fàbregas i Soler,Chelsea,0.02506711593802371,21.644860821913362,59.762616969294434,1
Unai Núñez Gestoso,Athletic Club,0.14424942961939569,44.41013397863151,-26.045768300488827,1
Andrés Iniesta Luján,Barcelona,0.02010936976282395,34.73686802231888,129.50990806491535,0
Matt Jarvis,Norwich City,0.02807067614086071,35.35434909597403,-5.355825042855186,1
Philipp Wollscheid,Stoke City,0.015478606214957035,41.15009112991124,72.75395510451014,1
Troy Deeney,Watford,0.012936712164609414,13.595587519485875,-26.18811069748085,1
Jordi Alba Ramos,Barcelona,0.02341645592524467,18.293714767646293,110.81264648325937,0
Mario Gaspar Pérez Martínez,Villarreal,0.005272542798389443,17.0,-118.07248693585296,0
Costel Fane Pantilimon,Sunderland,0.023159756311186906,77.87746785816807,9.087371013257073,1
Ryan Bennett,Norwich City,0.08112956951850403,22.03020653557293,9.932650132101593,1
Marc Albrighton,Leicester City,0.05017060314890984,17.323394586512194,39.84791829779376,1
Joan Jordán Moreno,Eibar,0.08339385052528504,13.267252918370106,166.48746936421398,0
Lucas Digne,Barcelona,0.006657456364078982,36.86353211508631,6.855118980100535,1
Ignacio Monreal Eraso,Arsenal,0.0020163210154026563,8.052328855678958,-14.381394591090604,1
Jordan Brian Henderson,Liverpool,0.01629633348665963,9.740636529508738,-109.1790080258107,0
José Paulo Bezzera Maciel Júnior,Barcelona,0.12064294949928919,7.710382610480492,56.1038334366361,1
Matías Nahuel Leiva Esquivel,Real Betis,0.022241810112584064,14.7648230602334,-61.69924423399363,1
Sergio Busquets i Burgos,Barcelona,0.011944736379014298,5.360037313302954,75.96375653207355,1
Jordan Ayew,Aston Villa,0.03292075994841563,15.692354826475224,-173.78077031120884,0
Jesús Navas González,Sevilla,0.061214966710816915,12.267436570041838,-139.29738666394172,0
Lionel Andrés Messi Cuccittini,Barcelona,0.15030248274269442,6.26258732474046,-19.592281891051506,1
Nemanja Matić,Chelsea,0.04890012978982719,8.062257748298558,-43.994913994745765,1
Danny Rose,Tottenham Hotspur,0.09686901765749514,2.999999999999998,53.130102354156016,1
Lionel Andrés Messi Cuccittini,Barcelona,0.07603985923370149,14.59623239058627,-31.83894713442977,1
Denis Suárez Fernández,Barcelona,0.10481248491648663,7.731752712031079,84.80557109226518,1
Jozabed Sánchez Ruiz,Celta Vigo,0.011310567150280377,12.34908903522847,-95.11041756103124,0
Emre Can,Liverpool,0.018791521108878557,10.358571330062846,-59.2259638987518,1
Abdul Rahman Baba,Chelsea,0.005230314900406951,47.15421508200513,10.261374717234386,1
Kasper Schmeichel,Leicester City,0.06259385555556347,66.42175848319584,-38.33648727778147,1
Yohan Cabaye,Crystal Palace,0.009838937091463402,15.976545308670458,-159.86369657175186,0
Sergio Postigo Redondo,Levante UD,0.0031515231287665853,44.629698632188855,85.63083362477941,1
Tom Carroll,Tottenham Hotspur,0.012849935844150322,11.036756769993621,162.0575529108413,0
Ivan Rakitić,Barcelona,0.02345536717120471,12.954149914216682,-122.70865123713341,0
Marc-André ter Stegen,Barcelona,0.002558185287603525,20.916022566444127,-83.96231747857712,1
Javier Eraso Goñi,Leganés,0.09348908819215365,21.96724834839358,10.491477012331595,1
Ander Iturraspe Derteano,Athletic Club,0.00425731024254269,27.48326763687317,-162.4221162833348,0
Lucas Pezzini Leiva,Liverpool,0.00459048430840954,36.91571481090404,-13.471585866984512,1
Lionel Andrés Messi Cuccittini,Barcelona,0.04520211989046572,8.417244204607588,-156.1757394171046,0
Ander Capa Rodríguez,Eibar,0.0784207545677171,12.025389806571766,141.41460180733975,0
Sergi Roberto Carnicer,Barcelona,0.00766718646034365,42.90757508878823,-146.79139827985856,0
Ander Iturraspe Derteano,Athletic Club,0.04035207246614908,30.893526830065866,-10.25508176253682,1
Gerard Deulofeu Lázaro,Barcelona,0.11727791831373555,10.0,-90.0,0
Keylor Navas Gamboa,Real Madrid,0.0039427769403844815,13.567977004697493,32.05014552672117,1
Lionel Andrés Messi Cuccittini,Barcelona,0.10803930943573099,48.703182647543684,-19.17900802581072,1
Bacary Sagna,Manchester City,0.004584933917505005,29.76071235706565,-24.412088387977523,1
Idrissa Gana Gueye,Aston Villa,0.004237503289903878,19.556328898850115,114.46820182912272,0
Luis Alberto Suárez Díaz,Barcelona,0.01198796958811885,26.248809496813376,-40.36453657309736,1
Luis Alberto Suárez Díaz,Barcelona,0.07641063958092004,10.295630140987,-150.94539590092285,0
Glen Johnson,Stoke City,0.008721265423775623,24.03372630284368,-114.32557523912614,0
Sergio Busquets i Burgos,Barcelona,0.081304678437277,14.131525041551596,31.102823684984642,1
Billy Jones,Sunderland,0.08974075280453334,22.86153975566825,-149.50904111923805,0
Víctor Camarasa Ferrando,Real Betis,0.051222431339961697,54.70831746635972,59.215853473673555,1
Ivan Rakitić,Barcelona,0.01989398530834099,8.48528137423857,45.0,1
Gerard Deulofeu Lázaro,Barcelona,0.003468084065676186,8.183520025025908,-147.47510971220893,0
Jordi Alba Ramos,Barcelona,0.04155755041214939,11.40175425099138,37.874983651098205,1
Denis Cheryshev,Villarreal,0.002303666028002045,15.132745950421556,82.40535663140857,1
Harry Arter,AFC Bournemouth,0.0505239229741772,37.106603185956004,91.0809241866607,0
Jason Puncheon,Crystal Palace,0.32089503699290867,22.020445045457187,95.99538680407547,0
Lionel Andrés Messi Cuccittini,Barcelona,0.01607418219673631,8.796590248499703,171.50144112050634,0
Russell Martin,Norwich City,0.07105695089519698,17.5231275747225,-70.32418140194719,1
Fernando Luiz Rosa,Manchester City,0.06571987829963082,19.241621553289104,-69.30454926593673,1
Joleon Lescott,Aston Villa,0.0046445244692401725,10.46900186264192,-6.581944655178008,1
Gerard Piqué Bernabéu,Barcelona,0.029725290430080036,15.0,-36.86989764584402,1
Íñigo Martínez Berridi,Athletic Club,0.029811807020102773,24.92388412747901,-54.141640223524895,1
Idrissa Gana Gueye,Aston Villa,0.014291566063996165,27.3034796317246,133.51598532433792,0
Nathan Aké,Watford,0.015187735413659986,17.667201249773544,146.30993247402023,0
Andrew Philip King,Leicester City,0.027041497668357548,26.61014844002189,26.083585371239636,1
Idrissa Gana Gueye,Aston Villa,0.021789166351529086,28.428858577157122,-7.275004957889255,1
Alexander Mesa Travieso,Levante UD,0.01690555630105243,14.807092894960848,-168.31063082456083,0
Thomas Vermaelen,Barcelona,0.008036173644770007,41.52035645319052,91.79422083012263,0
Ivan Rakitić,Barcelona,0.005553893686516307,8.06225774829855,-119.74488129694222,0
Lionel Andrés Messi Cuccittini,Barcelona,0.13929910132545129,13.662357044082842,-81.15818543980836,1
Wahbi Khazri,Sunderland,0.2406473702673485,46.264997568356144,-101.7228241191669,0
Jonathan Viera Ramos,Las Palmas,0.008217345032770428,10.907336980216572,177.8983456723287,0
Fabio Borini,Sunderland,0.01136719594249549,21.41074496602115,111.65233147190892,0
Tammy Bakumo-Abraham,Chelsea,0.1274302559005543,3.2695565448543618,66.57130719125465,1
Daryl Janmaat,Newcastle United,0.033813001647525,48.906850235933206,16.878783887672636,1
James Grant Chester,West Bromwich Albion,0.10084122893867295,60.56071333793882,46.873493013599926,1
Joaquín Sánchez Rodríguez,Real Betis,0.167371611980942,10.04987562112089,84.28940686250037,1
Erick Cathriel Cabaco Almada,Levante UD,0.01032179593406607,30.706513966909366,40.64177205226772,1
Aarón Martín Caricol,Espanyol,0.022270839944901796,41.97618372363071,12.380756928807177,1
José Paulo Bezzera Maciel Júnior,Barcelona,0.004318062998734972,16.107451691686055,-130.215470311835,0
Nélson Cabral Semedo,Barcelona,0.026543356987195378,8.486459803710844,-111.42529379808742,0
Ramires Santos do Nascimento,Chelsea,0.006990351813886503,26.44333564435471,-111.5197611534196,0
Sergi Roberto Carnicer,Barcelona,0.04384278883771614,6.228964600958982,42.39743779750015,1
Jordon Ibe,Liverpool,0.20143217403663408,12.041594578792296,-4.763641690726178,1
Marc-André ter Stegen,Barcelona,0.009035273032051774,54.01666409544373,-12.183656585987386,1
Geoffrey Kondogbia,Valencia,0.10031666125256235,20.130822139197395,38.74870776306536,1
Christian Fuchs,Leicester City,0.21660616604264743,50.21892073710864,71.05993774364681,1
Mesut Özil,Arsenal,0.04989630603864481,11.46211149832351,-54.22988624372771,1
Ander Iturraspe Derteano,Athletic Club,0.02454016837784427,13.301503674397116,-89.13847426543273,1
Ivan Rakitić,Barcelona,0.047830247335855704,15.033296378372908,86.18592516570965,1
Francesc Fàbregas i Soler,Chelsea,0.03620471942995286,27.77948883618991,85.66456991415981,1
Rob Elliot,Newcastle United,0.04250153727097924,83.21496259687919,-5.7242953444638385,1
Danny Simpson,Leicester City,0.02962758217639801,7.068238818828915,-154.88516511385544,0
Charlie Daniels,AFC Bournemouth,0.018435974597008648,34.900573061197726,24.729276436532295,1
Joleon Lescott,Aston Villa,0.014094343262263666,7.375635565834309,49.398705354995556,1
Marko Dmitrović,Eibar,0.003657474027684486,13.06139349380456,25.38790629109596,1
Francisco Javier García Fernández,Real Betis,0.013601531804495883,25.0,-126.86989764584402,0
Russell Martin,Norwich City,0.02390529195365473,19.40541161635074,-13.105268990218738,1
Bacary Sagna,Manchester City,0.026772725543227918,9.677293009927926,-76.25095101658063,1
Charlie Daniels,AFC Bournemouth,0.004341048858872909,13.960659010233007,121.52684188726886,0
Ivan Rakitić,Barcelona,0.03299205966122347,18.027756377319946,56.309932474020215,1
Daniel Parejo Muñoz,Valencia,0.04509613167626173,4.3289721643826695,-83.36748538486154,1
Rodrigo Hernández Cascante,Villarreal,0.010762096633361964,32.7566787083184,77.66091272167381,1
Christian Dannemann Eriksen,Tottenham Hotspur,0.13614800069262703,14.016062214473799,172.6214641573262,0
Charlie Daniels,AFC Bournemouth,0.006001471219288885,13.423859355639868,65.34410125591839,1
Ivan Rakitić,Barcelona,0.0025181790705373222,12.700393694685218,-52.6789638073687,1
Samuel Yves Umtiti,Barcelona,0.043876204910338286,11.896217886370438,26.995838394086658,1
Marc-André ter Stegen,Barcelona,0.0026092933875409897,9.759098319004686,-44.169684513742006,1
John Terry,Chelsea,0.010306254171511648,8.386298349093005,30.846587412148615,1
Samuel Yves Umtiti,Barcelona,0.03168617637004123,17.304623659588785,83.69637224371047,1
Pedro Eliezer Rodríguez Ledesma,Chelsea,0.16190586439461593,35.75150346488942,33.24557854157215,1
Samuel Yves Umtiti,Barcelona,0.05781351054581599,3.301514803843833,-35.134193056915485,1
Duncan Watmore,Sunderland,0.19801431734005415,12.913945950018535,-177.3369992339329,0
Artur Boruc,AFC Bournemouth,0.007821204603281295,39.74166579296846,45.6116754747138,1
Raphaël Varane,Real Madrid,0.025340965259002587,33.54101966249684,-10.304846468766033,1
Mauricio Lemos Merladet,Las Palmas,0.014175039387967457,31.15204648173214,-70.69259405417596,1
Marc-André ter Stegen,Barcelona,0.0027801201286311236,21.660332407421638,59.17233770013197,1
John Ruddy,Norwich City,0.0089754801155435,62.820458451049205,30.72913139181604,1
Steven N''Kemboanza Mike Christopher Nzonzi,Sevilla,0.00433325315506705,44.301805832268286,-155.45971390448304,0
Luis Alberto Suárez Díaz,Barcelona,0.10622797313907091,11.818629362155335,156.03751102542185,0
Papa Kouly Diop,Eibar,0.04813498161705651,30.516389039334253,55.00797980144135,1
Marouane Fellaini-Bakkioui,Manchester United,0.08614297807513824,32.02249209540069,-2.1475854282984956,1
Bacary Sagna,Manchester City,0.019427418478054598,1.000000000000007,0.0,1
Nélson Cabral Semedo,Barcelona,0.0643309422299354,4.964876634922569,-18.79988515865274,1
Andrés Iniesta Luján,Barcelona,0.01791379717248201,24.73863375370596,104.03624346792648,0
Bojan Krkíc Pérez,Stoke City,0.005900535904136854,7.561084578286373,159.8874117109245,0
Alberto Moreno Pérez,Liverpool,0.0034320898966932766,4.684015371452148,106.1134182330893,0
Carlos Alberto Sánchez Moreno,Aston Villa,0.021264490369789345,14.90134222142421,-52.36107767157795,1
José Paulo Bezzera Maciel Júnior,Barcelona,0.008080581921142183,38.0,90.0,0
Samuel Yves Umtiti,Barcelona,0.004988693910554058,23.706539182259394,117.64597536373869,0
Tetchi Jores Charlemagne Ulrich Okore,Aston Villa,0.008143858536283341,37.75884002455584,-118.12604271976925,0
Sergio García De La Fuente,Espanyol,0.20696324981822817,53.71219600798314,-65.82089285331082,1
Chris Smalling,Manchester United,0.03713155429371337,68.65340486822194,50.14100130338361,1
Daniel Carvajal Ramos,Real Madrid,0.020573677852297034,13.601470508735444,-107.10272896905236,0
Harry Arter,AFC Bournemouth,0.01442289110449676,13.319534526401439,167.4245345002556,0
Jordi Alba Ramos,Barcelona,0.014107560345222656,14.583552379307315,25.159301916031655,1
Philippe Coutinho Correia,Barcelona,0.14799327036699125,9.159148432032314,10.696510735778112,1
José Vicente Gómez Umpiérrez,Las Palmas,0.0033393934640612633,8.66487160897379,-108.8531587644191,0
Ryan Bennett,Norwich City,0.14476184189375482,5.71401785086466,147.144278049567,0
Norberto Murara Neto,Valencia,0.003280921903928269,32.92567387313432,2.262789807139468,1
Denis Suárez Fernández,Barcelona,0.008990569888094367,7.689603370785778,69.44395478041658,1
Ousmane Dembélé,Barcelona,0.13482155374171498,4.9335585534176,-107.70042778866721,0
Moussa Sissoko,Newcastle United,0.04667279884371562,12.665701717630965,-51.4108400202325,1
Lionel Andrés Messi Cuccittini,Barcelona,0.1119739072645764,14.7648230602334,-28.30075576600638,1
Guilherme dos Santos Torres,RC Deportivo La Coruña,0.008974617798512526,17.428711943227473,3.2892426784918265,1
Andrés Iniesta Luján,Barcelona,0.09555941586772695,17.83704011320264,-59.697319279511916,1
Andrés Iniesta Luján,Barcelona,0.07393729643613199,15.108275877809495,-1.8965183032092872,1
Gerard Piqué Bernabéu,Barcelona,0.010463085864604775,32.0,-90.0,0
Yann Gérard M''Vila,Sunderland,0.10967377795401695,32.0887830869293,-48.410944955355724,1
Lionel Andrés Messi Cuccittini,Barcelona,0.16917677840303777,32.256782232578615,-55.866551801332584,1
Carlos Alberto Sánchez Moreno,Aston Villa,0.019793431657639228,12.322337440599492,125.75388725443676,0
Riyad Mahrez,Leicester City,0.030348433554614213,14.892951352905163,14.782726042615673,1
Sergio Busquets i Burgos,Barcelona,0.08450244902357426,17.14205355259398,85.98582430458897,1
Saido Berahino,West Bromwich Albion,0.23143147412058845,9.207062506576134,98.74616226255525,0
José Paulo Bezzera Maciel Júnior,Barcelona,0.024479216513742564,11.045361017187261,-5.194428907734806,1
Nathan Redmond,Norwich City,0.08166589012893376,7.06823881882891,-154.8851651138554,0
Dejan Lovren,Liverpool,0.09147933150592796,56.8317692844416,-51.21423255446161,1
Lionel Andrés Messi Cuccittini,Barcelona,0.2746546621714634,17.235138525698016,-49.470820835495225,1
Toni Kroos,Real Madrid,0.1501503632202431,13.152946437965905,81.2538377374448,1
Lionel Andrés Messi Cuccittini,Barcelona,0.1753667192722634,2.4413111231467357,-55.00797980144151,1
Mikel San José Domínguez,Athletic Club,0.020313340064867565,27.53633962602873,23.772348811364694,1
Patrick van Aanholt,Sunderland,0.00330158621172226,27.440116617827993,143.2971449698369,0
Andrew Philip King,Leicester City,0.06305665377036379,12.831601614763452,-75.09734576096889,1
Pedro Taunausú Domínguez Placeres,Las Palmas,0.030888232580096153,14.53444185374863,169.69515353123398,0
Artur Boruc,AFC Bournemouth,0.011907287486509151,68.46692632213016,-38.47683877725258,1
Mile Jedinak,Crystal Palace,0.18667354076038328,11.421471008587297,3.51375026060497,1
Luis Alberto Suárez Díaz,Barcelona,0.06487058748828502,18.071247881648908,-48.814074834290345,1
John Stones,Everton,0.0019856918177156954,12.949517365523706,47.19057386403822,1
Antonio Barragán Fernández,Real Betis,0.034204803795008044,10.198039027185569,-101.30993247402021,0
Gerard Piqué Bernabéu,Barcelona,0.006829809694635575,23.461670869739862,52.446297726428035,1
Daryl Janmaat,Newcastle United,0.008972890431959393,35.247694960096325,-99.1416402235249,0
Willian Borges da Silva,Chelsea,0.14735246563172053,8.542247947700895,117.16498505733195,0
Sebastian Prödl,Watford,0.03921069182780968,32.60337405852345,26.014902849568127,1
Jordi Alba Ramos,Barcelona,0.10762016916785679,16.55294535724685,64.98310652189998,1
Eric Dier,Tottenham Hotspur,0.010305257170110008,34.44894773429226,95.329950866727,0
Kyle Walker,Tottenham Hotspur,0.03613553681685478,17.9655225362359,-133.6468080462203,0
Danny Drinkwater,Leicester City,0.1576585831244808,12.682665335015356,-17.434874694799284,1
Luis Alberto Suárez Díaz,Barcelona,0.019351182764070118,6.103277807866851,145.00797980144134,0
Yann Gérard M''Vila,Sunderland,0.005433035031837902,14.926486525636234,-144.8193006387579,0
Kolo Habib Touré,Liverpool,0.04369111953322406,12.684636376341265,-22.72410215174102,1
El-Hadji Baye Oumar Niasse,Everton,0.1328314022781748,9.347192091746058,116.01678294077384,0
Sergi Roberto Carnicer,Barcelona,0.1602350479302111,20.711832367031175,1.936800386221049,1
Gareth McAuley,West Bromwich Albion,0.0871633068479485,43.08503220377118,-41.2359651350943,1
Juan José Narváez Solarte,Real Betis,0.08485830281567878,8.246211251235321,-75.96375653207353,1
Takashi Inui,Eibar,0.057878173667270195,9.841239759298624,64.73690149550087,1
Ivan Rakitić,Barcelona,0.07669412845574991,16.55928742428248,57.07766916236423,1
Tom Cleverley,Everton,0.24516187542576262,21.520455385516353,80.09997981684609,1
Mile Jedinak,Crystal Palace,0.028526995272961677,12.165525060596439,-27.407575437818416,1
Héctor Bellerín Moruno,Arsenal,0.12082393629744166,3.584689665786984,112.98871680208075,0
Denis Suárez Fernández,Barcelona,0.01460283577331843,3.7802116342871597,-37.47617956136137,1
Nélson Cabral Semedo,Barcelona,0.011983039639052078,5.200000000000004,157.3801350519596,0
Tim Howard,Everton,0.013917494566084685,60.64091028340522,14.907072255229108,1
Ivan Rakitić,Barcelona,0.07189996895802087,37.564477901336524,-52.24541356035067,1
Aymeric Laporte,Athletic Club,0.01859128585406149,18.339302058693505,-3.7517290705259736,1
N''Golo Kanté,Leicester City,0.004587535503302572,10.820813278122857,133.87669728592456,0
Joaquín Navarro Jiménez,Las Palmas,0.039579752440806776,17.700282483621553,-67.05643352703933,1
Marouane Fellaini-Bakkioui,Manchester United,0.27187795453078584,16.961426826773742,-31.253419279169663,1
Ivan Rakitić,Barcelona,0.02750531108374103,26.570660511172846,70.20112364547508,1
Thomas Vermaelen,Barcelona,0.03848039381944745,16.194134740701646,-45.75055679636427,1
Thomas Vermaelen,Barcelona,0.007589705767366017,11.661903789690601,59.03624346792648,1
Luis Fernando Muriel Fruto,Sevilla,0.08139902308535227,13.43465667592589,169.27555146252882,0
Michael Krohn-Dehli,RC Deportivo La Coruña,0.17281785055227167,24.249536078036627,-24.87415391412764,1
Saido Berahino,West Bromwich Albion,0.013217300493212477,17.45623097922344,-108.01976928177713,0
Steven N''Kemboanza Mike Christopher Nzonzi,Sevilla,0.009448316915286185,38.50883015621222,-62.63645307260831,1
Gerard Piqué Bernabéu,Barcelona,0.06378827140958342,17.9961106909243,41.395579460824294,1
Bojan Krkíc Pérez,Stoke City,0.0077059463930653814,11.909659944767522,130.91438322002512,0
Riyad Mahrez,Leicester City,0.018098690863833086,54.2111612124293,30.728121943538532,1
Ivan Rakitić,Barcelona,0.03575535037236006,30.4138126514911,-117.40757543781842,0
Guido Hernán Pizarro,Sevilla,0.07373772682146085,20.359027481684873,55.60743087277478,1
Samuel Yves Umtiti,Barcelona,0.08261324644694341,11.670903992407778,-12.369061525925513,1
Andrés Iniesta Luján,Barcelona,0.0865099488588671,16.73618833546038,3.768529709135381,1
Ivan Rakitić,Barcelona,0.06957442558386935,25.000799987200413,-89.54164354199956,1
Christian Fuchs,Leicester City,0.00593589546638422,20.535335400231475,98.68252388126824,0
Kasper Schmeichel,Leicester City,0.01688778484177496,70.52091888227208,15.967716032054426,1
Nélson Cabral Semedo,Barcelona,0.04413786780219618,30.74166553718259,37.46631883010807,1
Francis Joseph Coquelin,Arsenal,0.03273043519018195,19.47434209415045,-97.67241159977956,0
Erik Pieters,Stoke City,0.026704435721006635,15.493547043850223,-6.2993537061304865,1
Ivo Daniel Ferreira Mendonca Pinto,Norwich City,0.004179910802832946,23.17175004180737,-121.76949157859751,0
Gerard Piqué Bernabéu,Barcelona,0.0071355578443557,29.07954607623716,49.46281847204053,1
Rubén Blanco Veiga,Celta Vigo,0.00616507784042166,44.18970468333093,-12.149091607441353,1
Gerard Piqué Bernabéu,Barcelona,0.007013696624202588,7.256031973468697,82.87498365109822,1
Francisco Javier Guerrero Martín,Real Betis,0.06918722273560039,15.264337522473747,-148.39249775375112,0
Sergi Roberto Carnicer,Barcelona,0.011666980673441877,12.949517365523706,120.12904264414195,0
Geoff Cameron,Stoke City,0.031370104843744265,26.462048295625188,55.469174257711416,1
John Ruddy,Norwich City,0.01792240330494744,79.91808306009348,-1.2188752351312997,1
Ivan Rakitić,Barcelona,0.016406417320791296,17.875681805178793,75.41957960279622,1
James Philip Milner,Liverpool,0.055584652632220184,8.514693182963196,146.49656301758577,0
Jordan Veretout,Aston Villa,0.07049137677359715,11.475626344561766,77.41703750592308,1
Vito Mannone,Sunderland,0.009728462631103966,67.20788644199429,14.387746907799835,1
Enric Saborit Teixidor,Athletic Club,0.07581045265211944,14.835430563350695,30.36763698414855,1
John Ruddy,Norwich City,0.01691461923430447,75.89262151223926,-20.034706894767442,1
Erik Pieters,Stoke City,0.01264472980168137,17.461385970191483,73.01789354645457,1
N''Golo Kanté,Leicester City,0.012709890700437015,14.649232061783993,104.2259638987518,0
Samuel Yves Umtiti,Barcelona,0.02772866132070971,36.20124307257971,113.09468098028302,0
Sergio Busquets i Burgos,Barcelona,0.020678166284227004,20.92008604188807,-142.9657745652106,0
Danny Drinkwater,Leicester City,0.15583449171110814,7.102816342831914,88.38646106711892,1
Yohan Cabaye,Crystal Palace,0.05614634216556538,13.42385935563987,61.52579638992562,1
Mile Jedinak,Crystal Palace,0.06854470546183479,11.788553770501283,79.73862528276565,1
Carlos Henrique Casimiro,Real Madrid,0.016291982605860518,37.33630940518894,97.69605172201658,0
Nathan Aké,Watford,0.004992093939958359,22.360008944542038,-8.746162262555206,1
Samuel Yves Umtiti,Barcelona,0.006068848799694691,42.2965719651132,6.788974574438791,1
Sergi Darder Moll,Espanyol,0.00389572407553223,18.848076824970764,21.80140948635181,1
Yohan Cabaye,Crystal Palace,0.009409456542033161,20.9057408383439,5.765134557972347,1
Samuel Yves Umtiti,Barcelona,0.011692956959238115,20.808652046684813,-35.21759296819271,1
Juan Manuel Mata García,Manchester United,0.1870501461098424,2.209072203437454,-95.19442890773452,0
Adam Smith,AFC Bournemouth,0.04149652289715126,9.808159868191375,-163.41266144307258,0
Scott Sinclair,Aston Villa,0.039425367242201526,18.398097727754354,-114.05734945001174,0
Younes Kaboul,Sunderland,0.050705098149943326,60.7517077949254,19.12091444745573,1
Tom Carroll,Tottenham Hotspur,0.013788021759002504,20.155644370746373,-119.74488129694222,0
Marcelo Vieira da Silva Júnior,Real Madrid,0.004441501561668515,20.8806130178211,106.69924423399362,0
Christian Dannemann Eriksen,Tottenham Hotspur,0.04594279103338611,28.196631004430294,-61.162499090139065,1
Jordi Alba Ramos,Barcelona,0.01968293300639474,10.041912168506556,135.8069294551024,0
Andrés Iniesta Luján,Barcelona,0.03696486797007965,11.387712676389405,149.3813945910906,0
Marc-André ter Stegen,Barcelona,0.005712521010078757,41.134049156386254,47.85748671127165,1
Matt Ritchie,AFC Bournemouth,0.027738698248239647,37.5410442049765,-126.44255292624848,0
Ivan Rakitić,Barcelona,0.05949544573096947,8.421995013059558,-47.4059705166453,1
Danny Drinkwater,Leicester City,0.010622074900725647,18.539687160251656,110.194334245184,0
Andrés Iniesta Luján,Barcelona,0.0834861447747875,11.07880860020607,-30.963756532073518,1
Ivan Rakitić,Barcelona,0.034460705143416634,31.5572495632937,-86.54824609177794,1
Jonathan Howson,Norwich City,0.09950031402866387,22.624102192131296,66.83466298204526,1
Tom Cleverley,Everton,0.046367042873371914,17.71919862747749,114.68480437326794,0
Glyn Oliver Myhill,West Bromwich Albion,0.01285561051492164,69.92317212483998,-14.155485292676788,1
Simon Francis,AFC Bournemouth,0.030848977838046007,21.833231551925607,-38.86472790792752,1
Paul Dummett,Newcastle United,0.10216720162961138,12.502799686470226,97.35237935989234,0
Carles Gil de Pareja Vicent,Aston Villa,0.1595308678475695,13.951702405083042,-85.06583565943993,1
Miguel Ángel Britos Cabrera,Watford,0.02500675735271218,40.50580205353302,13.418708081068756,1
Ivan Rakitić,Barcelona,0.009570137274853127,11.065260954898443,-96.2258290644258,0
Hugo Lloris,Tottenham Hotspur,0.002421118437760226,14.000357138301863,62.336761672181986,1
Ramires Santos do Nascimento,Chelsea,0.010881880385325391,12.427791436936817,-71.71084164999722,1
Samuel Yves Umtiti,Barcelona,0.0022291696620365185,20.447493733951845,147.78670144918675,0
Denis Suárez Fernández,Barcelona,0.07102525561332537,12.453513560437468,101.58061918222812,0
Jordi Alba Ramos,Barcelona,0.06258986300811144,14.767870530310049,169.0705119978196,0
Philippe Coutinho Correia,Barcelona,0.038119839791552916,3.3970575502926064,42.614055969611194,1
Ivan Rakitić,Barcelona,0.006925622982591703,22.986952821111366,-153.65788847411955,0
Ousmane Dembélé,Barcelona,0.020329167395208576,11.406138698087096,-27.688353891153405,1
David Remeseiro Salgueiro,Levante UD,0.1492007734708446,30.7362977601402,-59.931417178137565,1
Vito Mannone,Sunderland,0.005859239612235865,10.104454463255301,51.42874774882985,1
Marc-André ter Stegen,Barcelona,0.005392127454511289,20.532169880458323,57.9354575155593,1
Nélson Cabral Semedo,Barcelona,0.015748159952631686,15.0,-90.0,0
Gerard Piqué Bernabéu,Barcelona,0.0112675966408508,15.632018423735305,73.65182845264876,1
Daniel Carvajal Ramos,Real Madrid,0.007448260528586643,14.317821063276353,-24.77514056883192,1
Gerard Piqué Bernabéu,Barcelona,0.01615233167476162,22.910696191953658,45.353673159246455,1
Álvaro González Soberón,Villarreal,0.021620540298552322,19.72308292331602,-120.46554491945989,0
Simone Zaza,Valencia,0.010357916606644157,15.211837495845135,-129.1303995569853,0
César Azpilicueta Tanco,Chelsea,0.023893263824293187,4.684015371452147,-73.88658176691074,1
Arouna Koné,Everton,0.15074315175985667,12.868954891520904,50.99252744787896,1
André Filipe Tavares Gomes,Barcelona,0.11855652414448635,29.181158304632124,-53.640606413823946,1
Toby Alderweireld,Tottenham Hotspur,0.07333932236646652,66.14295124954738,-49.107437092543655,1
Romelu Lukaku Menama,Everton,0.008885054599138893,17.307223925286227,-116.41700039673364,0
Gerard Moreno Balaguero,Espanyol,0.057166603965643846,8.357032966310468,158.96248897457818,0
Rodrigo Moreno Machado,Valencia,0.017173541101061857,21.83323155192561,-141.13527209207248,0
Lee Cattermole,Sunderland,0.0826342162331841,9.350935782048769,-48.46822925891714,1
Sebastian Larsson,Sunderland,0.00809272115626904,7.899999999999999,-90.0,0
Íñigo Lekue Martínez,Athletic Club,0.036350685121983514,18.15406290613757,85.57708857144965,1
Danny Drinkwater,Leicester City,0.07271863012454736,21.66702563805194,47.99313200597907,1
Daryl Janmaat,Newcastle United,0.1443640404315698,6.699999999999989,0.0,1
Jack Colback,Newcastle United,0.012141842176762813,13.961733416735907,-114.54584402602964,0
Danny Rose,Tottenham Hotspur,0.2378724189993475,24.232416305436814,99.50119315152816,0
Bryan Oviedo,Everton,0.03890639336268643,7.234638899074372,130.51539399045538,0
Ivan Rakitić,Barcelona,0.02377649418881806,23.464441182350797,-71.87392031182988,1
Kasper Schmeichel,Leicester City,0.012126636548842358,74.62981977735174,15.544658901307665,1
James McClean,West Bromwich Albion,0.10241636616544235,9.093404203047394,171.78079075110094,0
Marko Arnautović,Stoke City,0.038619531838149285,11.029052543169797,-175.84035770628736,0
Jonathan Viera Ramos,Las Palmas,0.06824463403340066,6.053924347066124,-67.67134362198072,1
Fabián Ruiz Peña,Real Betis,0.08260400088318184,13.038404810405298,-57.52880770915151,1
Óscar de Marcos Arana,Athletic Club,0.14798929406358738,40.03723267160207,-50.06616866256445,1
Philippe Coutinho Correia,Barcelona,0.03468072350794933,10.63014581273465,-48.81407483429036,1
Simon Francis,AFC Bournemouth,0.002845669768611814,34.19736831979911,-123.55066201149997,0
Sergi Roberto Carnicer,Barcelona,0.19318470838905383,13.008074415531304,-73.93359946480331,1
Sergi Roberto Carnicer,Barcelona,0.0030675637796215268,15.028306624500315,-159.7563118545859,0
Samuel Yves Umtiti,Barcelona,0.008583190475524097,9.080198235721516,126.49129668372973,0
Philippe Coutinho Correia,Barcelona,0.020021801238007574,32.445955063767194,-71.11830951306261,1
Aïssa Mandi,Real Betis,0.0031426587122175367,34.48187929913333,150.46121774044192,0
Luis Alberto Suárez Díaz,Barcelona,0.052054627334424466,18.601075237738275,106.87626461671121,0
José Paulo Bezzera Maciel Júnior,Barcelona,0.13598384468170704,15.43016526159069,-128.94976417710123,0
Gerard Piqué Bernabéu,Barcelona,0.04184609628182656,21.918029108475974,62.26580949501459,1
Jordi Alba Ramos,Barcelona,0.016605827933711775,18.973665961010276,18.43494882292201,1
Ivan Rakitić,Barcelona,0.005320102090648835,10.923827168167758,-11.618524352794573,1
Lionel Andrés Messi Cuccittini,Barcelona,0.057917830000293435,9.953893710503445,-67.55724663470568,1
Karim Benzema,Real Madrid,0.018957148131779154,12.97574660665042,166.1779453642683,0
Sergio Ramos García,Real Madrid,0.0073515556973926055,7.810249675906654,-50.19442890773481,1
Gerard Piqué Bernabéu,Barcelona,0.03623907156338807,18.572291188757518,73.41895215226045,1
Siem Stefan de Jong,Newcastle United,0.10379337546689324,8.956003573022953,-163.79097507219203,0
Marko Dmitrović,Eibar,0.03661113720543775,100.41897231101302,-9.978232932719925,1
Marc-André ter Stegen,Barcelona,0.0027575957811332634,33.467745666536906,-54.36281591780598,1
Gareth Frank Bale,Real Madrid,0.13399413185862977,33.202409551115416,-68.07041224982464,1
Ben Watson,Watford,0.011130952347370193,54.516511260351216,9.928833625699236,1
Simon Francis,AFC Bournemouth,0.007823369889690087,12.269066794177945,-6.082336693282039,1
Rubén Iván Martínez Andrade,RC Deportivo La Coruña,0.004088837533974588,17.646529403823294,-35.31121343963321,1
Andrew Surman,AFC Bournemouth,0.011101842867981432,14.588008774332431,-106.32304622905603,0
Geoff Cameron,Stoke City,0.030413462420913546,50.225989288415214,11.600771496370765,1
Gonzalo Escalante,Eibar,0.004826996856073959,8.376156636548771,-146.6893691754392,0
Robert Huth,Leicester City,0.02055705048128193,42.821489932042304,21.65233147190892,1
Jordi Alba Ramos,Barcelona,0.11983849614716689,12.210241602851276,115.72561264336571,0
Ousmane Dembélé,Barcelona,0.11463370429938503,44.50280890011326,0.6437457141753808,1
Jonathan Grant Evans,West Bromwich Albion,0.19718607095058058,24.156986567036867,14.38139459109061,1
Gerard Piqué Bernabéu,Barcelona,0.003777703420809022,23.14065686189569,-132.72338501802918,0
Eden Hazard,Chelsea,0.04004981932747744,27.111621124528867,-68.35556485928602,1
Simon Mignolet,Liverpool,0.0029364816518927276,29.845770219580523,69.19679804889226,1
Andrés Iniesta Luján,Barcelona,0.014859430660791352,20.873428084528904,109.30300027266755,0
Ivan Rakitić,Barcelona,0.03589018060393706,17.582377541163197,40.84871473357832,1
Marc-André ter Stegen,Barcelona,0.008493800789591147,27.086712609691123,46.04706477199907,1
Russell Martin,Norwich City,0.036602928092311963,43.05926148925454,-4.929395653137616,1
Fabián Ruiz Peña,Real Betis,0.005914052238407074,20.396078054371138,101.30993247402021,0
Lionel Andrés Messi Cuccittini,Barcelona,0.2152341769733775,3.3615472627943146,-30.379126011368406,1
Ben Watson,Watford,0.04826509310568554,17.424408167854654,-66.67187893193969,1
Ivan Rakitić,Barcelona,0.022598902296306664,21.343383049554255,35.84974322198513,1
Geoffrey Kondogbia,Valencia,0.004596965178530379,22.507776433935007,67.53678751059286,1
Gareth McAuley,West Bromwich Albion,0.001956658910133597,31.663859524701028,152.9494029929139,0
Andrew Surman,AFC Bournemouth,0.006009048694341375,19.243960091415694,-93.87348972434458,0
Dejan Lovren,Liverpool,0.004170134595057501,21.040199618824918,-3.5423611921936953,1
Ousmane Dembélé,Barcelona,0.09873022995185612,4.883646178829911,-47.48955292199919,1
Ivan Rakitić,Barcelona,0.0701674950703299,16.03309078125612,14.816319342777637,1
Sergio Busquets i Burgos,Barcelona,0.011687322006621826,24.020824298928627,87.61405596961119,1
Ivan Rakitić,Barcelona,0.04351273916183579,35.638462368626406,-44.772636989009435,1
N''Golo Kanté,Leicester City,0.055070231442598004,36.31115531073061,38.29016319224307,1
Thomas Vermaelen,Barcelona,0.0276476019380741,18.001111076819676,-0.6365935759634842,1
Martín Montoya Torralbo,Valencia,0.05978752358145849,18.80957203128238,171.4391104288354,0
Andrés Iniesta Luján,Barcelona,0.004896048729896212,45.63551248753541,28.24973549497428,1
David Josué Jiménez Silva,Manchester City,0.11426921701613221,13.548431643551963,-8.488943880504713,1
Thomas Vermaelen,Barcelona,0.008581864459146256,21.93171219946131,-43.15238973400541,1
Kevin Wimmer,Tottenham Hotspur,0.009631990648093558,11.112605455067682,-15.66210634532605,1
Lionel Andrés Messi Cuccittini,Barcelona,0.07613566789279501,12.43261838873855,-85.84871473357829,1
Leighton Baines,Everton,0.08339949990233177,15.277761616153066,100.94218540900934,0
Andrew Surman,AFC Bournemouth,0.031093182580614238,78.46527894553107,2.337305859123819,1
Kevin Wimmer,Tottenham Hotspur,0.01833031979516074,18.772320048411704,51.054191894114844,1
Ivan Rakitić,Barcelona,0.005171857225474328,32.19720484762613,4.453298744393908,1
Raúl García Escudero,Athletic Club,0.03959575255611493,6.161980201201571,48.28924267849182,1
Danny Rose,Tottenham Hotspur,0.04763993184132907,17.670880000724363,55.14079314611278,1
Aymeric Laporte,Athletic Club,0.052872654038991676,24.641834347304584,-26.25309901721671,1
Samuel Yves Umtiti,Barcelona,0.07068667969686317,16.701197561851668,-0.6861441978352458,1
Eden Hazard,Chelsea,0.13191367818484495,13.92300254973761,-93.29396498784509,0
Matthew Pennington,Everton,0.00971126545415496,17.409192973828514,-47.32781508904115,1
Sergi Roberto Carnicer,Barcelona,0.048203071407707285,14.051334456200236,4.899092453787719,1
Luis Alberto Suárez Díaz,Barcelona,0.023500451001938996,22.090722034374522,174.8055710922652,0
Darren Fletcher,West Bromwich Albion,0.010246858004085636,46.68040274033633,151.183828896225,0
Samuel Yves Umtiti,Barcelona,0.0027501278845732673,6.708203932499369,63.43494882292201,1
Steven N''Kemboanza Mike Christopher Nzonzi,Sevilla,0.0063285887342194235,26.82629307228265,-42.431726111487755,1
John Stones,Everton,0.023351784526826444,15.44020725249503,-16.557071375636642,1
José Leonardo Ulloa,Leicester City,0.08378815069373402,3.1320919526731648,-16.699244233993596,1
Raheem Sterling,Manchester City,0.08347809767718704,3.584689665786984,67.01128319791927,1
Philipp Wollscheid,Stoke City,0.006367806369800939,14.317821063276353,65.22485943116808,1
Olivier Giroud,Arsenal,0.13252345384661918,9.848857801796107,-77.09259132873414,1
Jack Butland,Stoke City,0.011547201764591168,57.40836176028714,9.62639902043055,1
Michael Krohn-Dehli,RC Deportivo La Coruña,0.02777536306341261,21.298356744124654,-101.09889924964232,0
Sergio Asenjo Andrés,Villarreal,0.00234044309419361,22.80350850198276,74.74488129694222,1
Andrew Philip King,Leicester City,0.026614473331351005,16.42954655491137,-141.1768011826042,0
Artur Boruc,AFC Bournemouth,0.008917357204297456,60.1867925711281,-9.274519178294327,1
Gerard Deulofeu Lázaro,Barcelona,0.08563369696617437,8.06225774829855,172.8749836510982,0
Patrick Bamford,Norwich City,0.04235254365148528,11.827087553578018,161.25865955480728,0
Jonathan Grant Evans,West Bromwich Albion,0.0167223555419816,19.185932346383375,63.034285567129864,1
Ousmane Dembélé,Barcelona,0.2189921589599387,14.484819639885066,-22.315588575870756,1
Takashi Inui,Eibar,0.14262479149827667,30.727512102348925,64.35227010818504,1
Kevin De Bruyne,Manchester City,0.23295788133450793,43.32297312050502,-103.07391885825038,0
Gerard Piqué Bernabéu,Barcelona,0.0022461066189022726,62.03224967708329,-88.15238973400541,1
Alan Hutton,Aston Villa,0.1510728806554799,25.173398658107338,-81.5480146304453,1
Andrés Iniesta Luján,Barcelona,0.10617981685843308,15.033296378372908,86.18592516570965,1
Jon Flanagan,Liverpool,0.025437958645389114,13.99892853042689,25.83287659951416,1
Francis Joseph Coquelin,Arsenal,0.016699430657380526,33.19292093203007,97.6174567376877,0
Rodrigo Moreno Machado,Valencia,0.2008208536060122,17.58408371226661,-56.1291892896112,1
José Ángel Valdés Díaz,Eibar,0.02408007180303736,25.770137756713684,42.16899832213473,1
Samuel Yves Umtiti,Barcelona,0.004754095602463734,27.599999999999998,0.0,1
Darron Gibson,Everton,0.05496263126556146,19.054658223122235,-69.09201952899035,1
Papiss Demba Cissé,Newcastle United,0.04411101743946747,6.942621983083911,131.4964683552155,0
Sergi Roberto Carnicer,Barcelona,0.14437826221317113,11.846096403457132,54.96835617047386,1
Jordan Lyden,Aston Villa,0.009033560052448944,15.417522498767438,-7.078921604612251,1
Kevin De Bruyne,Manchester City,0.17191207699193573,15.970284906663364,-17.867682413064085,1
Andrés Iniesta Luján,Barcelona,0.003459305239006835,25.114935795259367,162.86372549642402,0
Carles Gil de Pareja Vicent,Aston Villa,0.01731505151093072,16.278820596099703,-116.2502423696889,0
Jordi Alba Ramos,Barcelona,0.009982420413377662,12.58729518204765,17.571258778322424,1
Pablo Daniel Piatti,Espanyol,0.09847582226200718,8.0,-90.0,0
Aïssa Mandi,Real Betis,0.007959784208728001,14.212670403551895,-50.71059313749964,1
Iñigo Córdoba Kerejeta,Athletic Club,0.1115405211109935,35.60126402250347,52.64728418021269,1
Etienne Capoue,Watford,0.05889087881379296,26.90669061776271,91.2777609076286,0
Leighton Baines,Everton,0.2848408362090269,8.139410298049857,84.3594505678431,1
Ayoze Pérez Gutiérrez,Newcastle United,0.07241695025046446,19.34993540040896,-128.70605181104892,0
Aarón Martín Caricol,Espanyol,0.11816643385836312,4.123105625617661,-14.036243467926479,1
Connor Wickham,Crystal Palace,0.06925723684220418,6.896375859826667,29.538782259558097,1
Mario Gaspar Pérez Martínez,Villarreal,0.003625129805298517,16.97056274847714,45.0,1
Javier Eraso Goñi,Leganés,0.00366105326226023,5.215361924162118,175.6012946450045,0
David Josué Jiménez Silva,Manchester City,0.031779583522822626,23.45804765959861,-129.11755440990467,0
Aleksandar Kolarov,Manchester City,0.09306692017647017,51.7706480546651,-4.653351587268386,1
Sergio Ramos García,Real Madrid,0.009072321715139919,34.29868802155558,76.85513238244926,1
Phil Jones,Manchester United,0.014275231261572069,15.163442880823599,77.43020819232132,1
Sergio Busquets i Burgos,Barcelona,0.02785034388077428,12.649110640673518,71.56505117707799,1
Ivan Rakitić,Barcelona,0.04526931054923129,37.69615364994153,-111.80140948635182,0
Leandro Chichizola,Las Palmas,0.005056208904978359,43.956000728000724,16.249776866127867,1
Bacary Sagna,Manchester City,0.007732813909385144,14.712239802287076,16.587338556927424,1
Jordan Ayew,Aston Villa,0.04012310552824987,5.825804665451804,-140.5721978039638,0
Rubén Peña Jiménez,Eibar,0.13617186289764702,20.436242316042353,-69.96898731910228,1
Philippe Coutinho Correia,Barcelona,0.04936060343695432,12.025389806571766,-38.58539819266027,1
Claudio Ariel Yacob,West Bromwich Albion,0.016142134985224283,8.92748564826626,-85.50284838533221,1
Scott Dann,Crystal Palace,0.010227461621488807,14.263590010933434,-49.8344063062633,1
Marc-André ter Stegen,Barcelona,0.005354852931823405,52.49952380736419,42.993152264505454,1
Scott Dann,Crystal Palace,0.039987558487409154,11.560276813294733,59.88626684901755,1
José Paulo Bezzera Maciel Júnior,Barcelona,0.01488091662962858,5.48178802946631,128.3333401090986,0
Abdul Rahman Baba,Chelsea,0.12370796230140908,6.4815121692395214,-51.89242312248514,1
Samuel Yves Umtiti,Barcelona,0.06675780818778239,31.752952618614863,-29.632975619876007,1
Mousa Sidi Yaya Dembélé,Tottenham Hotspur,0.17401243499934713,7.5690157880665065,43.39399701071777,1
Joaquín Sánchez Rodríguez,Real Betis,0.08559832318163572,7.280109889280518,105.94539590092286,0
Philippe Coutinho Correia,Barcelona,0.09197308785063862,20.885641000457706,-33.08137032604579,1
Jan Kirchhoff,Sunderland,0.06747571362771489,40.27964746618323,5.413359793613175,1
Marc-André ter Stegen,Barcelona,0.002355722301447756,18.293714767646286,69.18735351674063,1
Glenn Whelan,Stoke City,0.013791269232203704,12.77810627597063,162.69947280805502,0
Pedro Eliezer Rodríguez Ledesma,Chelsea,0.07032993213983296,15.229576487873851,-124.83791680599924,0
Luis Alberto Suárez Díaz,Barcelona,0.173313482611984,18.772320048411704,51.054191894114844,1
Carlos Henrique Casimiro,Real Madrid,0.0075267116216876885,16.1245154965971,-97.1250163489018,0
José Paulo Bezzera Maciel Júnior,Barcelona,0.03755012367236809,16.227445886522005,76.82013191061901,1
Glen Johnson,Stoke City,0.11344470660927114,11.162884931772785,-108.27263826698534,0
Francisco Alcácer García,Barcelona,0.027785687915857598,3.6069377593742877,-133.87669728592454,0
Lionel Andrés Messi Cuccittini,Barcelona,0.2113045749739104,21.213203435596427,8.13010235415598,1
Andrés Iniesta Luján,Barcelona,0.013984320870405725,15.966527487215249,62.793006166917436,1
Robert Brady,Norwich City,0.0058620030675266424,45.981409286797636,36.421310017178115,1
Danny Rose,Tottenham Hotspur,0.06537207323159826,20.60873601170145,88.33166255170667,1
